"","periodo","provincia","departamento","titulares","titulares_por2","mes","anio","mes_n"
"1",2020-03-01,"Misiones","Cainguás",1,2,"marzo",2020,3
"2",2020-03-01,"Misiones","Capital",1,2,"marzo",2020,3
"3",2020-03-01,"Misiones","Leandro N. Alem",1,2,"marzo",2020,3
"4",2020-03-01,"Misiones","San Javier",1,2,"marzo",2020,3
"5",2020-04-01,"Misiones","Cainguás",1,2,"abril",2020,4
"6",2020-04-01,"Misiones","Capital",1,2,"abril",2020,4
"7",2020-04-01,"Misiones","Leandro N. Alem",1,2,"abril",2020,4
"8",2020-04-01,"Misiones","San Javier",1,2,"abril",2020,4
"9",2020-05-01,"Misiones","Cainguás",1,2,"mayo",2020,5
"10",2020-05-01,"Misiones","Capital",1,2,"mayo",2020,5
"11",2020-05-01,"Misiones","Leandro N. Alem",1,2,"mayo",2020,5
"12",2020-05-01,"Misiones","San Javier",1,2,"mayo",2020,5
"13",2020-06-01,"Misiones","Cainguás",1,2,"junio",2020,6
"14",2020-06-01,"Misiones","Capital",1,2,"junio",2020,6
"15",2020-06-01,"Misiones","Leandro N. Alem",1,2,"junio",2020,6
"16",2020-06-01,"Misiones","San Javier",1,2,"junio",2020,6
"17",2020-07-01,"Misiones","Cainguás",1,2,"julio",2020,7
"18",2020-07-01,"Misiones","Capital",1,2,"julio",2020,7
"19",2020-07-01,"Misiones","Leandro N. Alem",1,2,"julio",2020,7
"20",2020-07-01,"Misiones","San Ignacio",1,2,"julio",2020,7
"21",2020-07-01,"Misiones","San Javier",1,2,"julio",2020,7
"22",2020-08-01,"Misiones","Cainguás",1,2,"agosto",2020,8
"23",2020-08-01,"Misiones","Capital",1,2,"agosto",2020,8
"24",2020-08-01,"Misiones","Leandro N. Alem",1,2,"agosto",2020,8
"25",2020-08-01,"Misiones","Leandro N. Alem",1,2,"agosto",2020,8
"26",2020-08-01,"Misiones","San Ignacio",1,2,"agosto",2020,8
"27",2020-08-01,"Misiones","San Javier",1,2,"agosto",2020,8
"28",2020-09-01,"Misiones","25 de Mayo",1,2,"septiembre",2020,9
"29",2020-09-01,"Misiones","Cainguás",1,2,"septiembre",2020,9
"30",2020-09-01,"Misiones","Capital",1,2,"septiembre",2020,9
"31",2020-09-01,"Misiones","Leandro N. Alem",1,2,"septiembre",2020,9
"32",2020-09-01,"Misiones","Leandro N. Alem",1,2,"septiembre",2020,9
"33",2020-09-01,"Misiones","San Ignacio",1,2,"septiembre",2020,9
"34",2020-09-01,"Misiones","San Javier",1,2,"septiembre",2020,9
"35",2020-10-01,"Misiones","25 de Mayo",1,2,"octubre",2020,10
"36",2020-10-01,"Misiones","Apóstoles",1,2,"octubre",2020,10
"37",2020-10-01,"Misiones","Cainguás",1,2,"octubre",2020,10
"38",2020-10-01,"Misiones","Leandro N. Alem",1,2,"octubre",2020,10
"39",2020-10-01,"Misiones","San Ignacio",1,2,"octubre",2020,10
"40",2020-10-01,"Misiones","San Javier",1,2,"octubre",2020,10
"41",2020-11-01,"Misiones","25 de Mayo",1,2,"noviembre",2020,11
"42",2020-11-01,"Misiones","Apóstoles",1,2,"noviembre",2020,11
"43",2020-11-01,"Misiones","Cainguás",1,2,"noviembre",2020,11
"44",2020-11-01,"Misiones","Leandro N. Alem",1,2,"noviembre",2020,11
"45",2020-11-01,"Misiones","San Ignacio",1,2,"noviembre",2020,11
"46",2020-11-01,"Misiones","San Javier",1,2,"noviembre",2020,11
"47",2020-12-01,"Misiones","Apóstoles",1,2,"diciembre",2020,12
"48",2020-12-01,"Misiones","Leandro N. Alem",1,2,"diciembre",2020,12
"49",2020-12-01,"Misiones","San Ignacio",1,2,"diciembre",2020,12
"50",2020-12-01,"Misiones","San Javier",1,2,"diciembre",2020,12
"51",2021-01-01,"Misiones","Apóstoles",1,2,"enero",2021,1
"52",2021-01-01,"Misiones","Oberá",1,2,"enero",2021,1
"53",2021-01-01,"Misiones","San Ignacio",1,2,"enero",2021,1
"54",2021-02-01,"Misiones","Oberá",1,2,"febrero",2021,2
"55",2021-02-01,"Misiones","San Ignacio",1,2,"febrero",2021,2
"56",2021-03-01,"Misiones","Oberá",1,2,"marzo",2021,3
"57",2021-03-01,"Misiones","Oberá",1,2,"marzo",2021,3
"58",2021-03-01,"Misiones","San Ignacio",1,2,"marzo",2021,3
"59",2021-04-01,"Misiones","Capital",1,2,"abril",2021,4
"60",2021-04-01,"Misiones","Oberá",1,2,"abril",2021,4
"61",2021-04-01,"Misiones","Oberá",1,2,"abril",2021,4
"62",2021-05-01,"Misiones","Capital",1,2,"mayo",2021,5
"63",2021-05-01,"Misiones","Oberá",1,2,"mayo",2021,5
"64",2021-06-01,"Misiones","Oberá",1,2,"junio",2021,6
"65",2021-07-01,"Misiones","Oberá",1,2,"julio",2021,7
"66",2021-08-01,"Misiones","Oberá",1,2,"agosto",2021,8
"67",2021-09-01,"Misiones","Oberá",1,2,"septiembre",2021,9
"68",2021-10-01,"Misiones","Oberá",1,2,"octubre",2021,10
"69",2021-11-01,"Misiones","Capital",1,2,"noviembre",2021,11
"70",2021-11-01,"Misiones","Oberá",1,2,"noviembre",2021,11
"71",2021-12-01,"Misiones","Capital",1,2,"diciembre",2021,12
"72",2021-12-01,"Misiones","Oberá",1,2,"diciembre",2021,12
"73",2020-03-01,"Misiones","25 de Mayo",2,4,"marzo",2020,3
"74",2020-03-01,"Misiones","San Ignacio",2,4,"marzo",2020,3
"75",2020-04-01,"Misiones","25 de Mayo",2,4,"abril",2020,4
"76",2020-04-01,"Misiones","San Ignacio",2,4,"abril",2020,4
"77",2020-05-01,"Misiones","25 de Mayo",2,4,"mayo",2020,5
"78",2020-05-01,"Misiones","San Ignacio",2,4,"mayo",2020,5
"79",2020-06-01,"Misiones","25 de Mayo",2,4,"junio",2020,6
"80",2020-06-01,"Misiones","San Ignacio",2,4,"junio",2020,6
"81",2020-07-01,"Misiones","25 de Mayo",2,4,"julio",2020,7
"82",2020-07-01,"Misiones","San Ignacio",2,4,"julio",2020,7
"83",2020-08-01,"Misiones","25 de Mayo",2,4,"agosto",2020,8
"84",2020-08-01,"Misiones","Montecarlo",2,4,"agosto",2020,8
"85",2020-08-01,"Misiones","San Ignacio",2,4,"agosto",2020,8
"86",2020-08-01,"Misiones","San Ignacio",2,4,"agosto",2020,8
"87",2020-09-01,"Misiones","Montecarlo",2,4,"septiembre",2020,9
"88",2020-09-01,"Misiones","San Ignacio",2,4,"septiembre",2020,9
"89",2020-09-01,"Misiones","San Ignacio",2,4,"septiembre",2020,9
"90",2020-10-01,"Misiones","Capital",2,4,"octubre",2020,10
"91",2020-10-01,"Misiones","Leandro N. Alem",2,4,"octubre",2020,10
"92",2020-10-01,"Misiones","Montecarlo",2,4,"octubre",2020,10
"93",2020-10-01,"Misiones","San Ignacio",2,4,"octubre",2020,10
"94",2020-10-01,"Misiones","San Ignacio",2,4,"octubre",2020,10
"95",2020-11-01,"Misiones","Capital",2,4,"noviembre",2020,11
"96",2020-11-01,"Misiones","Leandro N. Alem",2,4,"noviembre",2020,11
"97",2020-11-01,"Misiones","Montecarlo",2,4,"noviembre",2020,11
"98",2020-11-01,"Misiones","San Ignacio",2,4,"noviembre",2020,11
"99",2020-11-01,"Misiones","San Ignacio",2,4,"noviembre",2020,11
"100",2020-12-01,"Misiones","Cainguás",2,4,"diciembre",2020,12
"101",2020-12-01,"Misiones","Capital",2,4,"diciembre",2020,12
"102",2020-12-01,"Misiones","Leandro N. Alem",2,4,"diciembre",2020,12
"103",2020-12-01,"Misiones","Montecarlo",2,4,"diciembre",2020,12
"104",2020-12-01,"Misiones","San Ignacio",2,4,"diciembre",2020,12
"105",2021-01-01,"Misiones","Capital",2,4,"enero",2021,1
"106",2021-01-01,"Misiones","Leandro N. Alem",2,4,"enero",2021,1
"107",2021-01-01,"Misiones","Montecarlo",2,4,"enero",2021,1
"108",2021-02-01,"Misiones","Capital",2,4,"febrero",2021,2
"109",2021-02-01,"Misiones","Leandro N. Alem",2,4,"febrero",2021,2
"110",2021-03-01,"Misiones","Capital",2,4,"marzo",2021,3
"111",2021-03-01,"Misiones","Leandro N. Alem",2,4,"marzo",2021,3
"112",2021-04-01,"Misiones","Leandro N. Alem",2,4,"abril",2021,4
"113",2021-05-01,"Misiones","Leandro N. Alem",2,4,"mayo",2021,5
"114",2021-06-01,"Misiones","Leandro N. Alem",2,4,"junio",2021,6
"115",2020-03-01,"Misiones","25 de Mayo",3,6,"marzo",2020,3
"116",2020-03-01,"Misiones","Leandro N. Alem",3,6,"marzo",2020,3
"117",2020-03-01,"Misiones","San Ignacio",3,6,"marzo",2020,3
"118",2020-04-01,"Misiones","25 de Mayo",3,6,"abril",2020,4
"119",2020-04-01,"Misiones","Leandro N. Alem",3,6,"abril",2020,4
"120",2020-04-01,"Misiones","San Ignacio",3,6,"abril",2020,4
"121",2020-05-01,"Misiones","25 de Mayo",3,6,"mayo",2020,5
"122",2020-05-01,"Misiones","Leandro N. Alem",3,6,"mayo",2020,5
"123",2020-05-01,"Misiones","San Ignacio",3,6,"mayo",2020,5
"124",2020-06-01,"Misiones","25 de Mayo",3,6,"junio",2020,6
"125",2020-06-01,"Misiones","Leandro N. Alem",3,6,"junio",2020,6
"126",2020-06-01,"Misiones","San Ignacio",3,6,"junio",2020,6
"127",2020-07-01,"Misiones","25 de Mayo",3,6,"julio",2020,7
"128",2020-07-01,"Misiones","Leandro N. Alem",3,6,"julio",2020,7
"129",2020-07-01,"Misiones","Leandro N. Alem",3,6,"julio",2020,7
"130",2020-08-01,"Misiones","Leandro N. Alem",3,6,"agosto",2020,8
"131",2020-08-01,"Misiones","Leandro N. Alem",3,6,"agosto",2020,8
"132",2020-09-01,"Misiones","Leandro N. Alem",3,6,"septiembre",2020,9
"133",2020-09-01,"Misiones","Leandro N. Alem",3,6,"septiembre",2020,9
"134",2020-10-01,"Misiones","Leandro N. Alem",3,6,"octubre",2020,10
"135",2020-10-01,"Misiones","Leandro N. Alem",3,6,"octubre",2020,10
"136",2020-11-01,"Misiones","Leandro N. Alem",3,6,"noviembre",2020,11
"137",2020-11-01,"Misiones","Leandro N. Alem",3,6,"noviembre",2020,11
"138",2020-12-01,"Misiones","25 de Mayo",3,6,"diciembre",2020,12
"139",2020-12-01,"Misiones","Leandro N. Alem",3,6,"diciembre",2020,12
"140",2020-12-01,"Misiones","Leandro N. Alem",3,6,"diciembre",2020,12
"141",2020-12-01,"Misiones","San Ignacio",3,6,"diciembre",2020,12
"142",2021-01-01,"Misiones","25 de Mayo",3,6,"enero",2021,1
"143",2021-01-01,"Misiones","Leandro N. Alem",3,6,"enero",2021,1
"144",2021-02-01,"Misiones","Leandro N. Alem",3,6,"febrero",2021,2
"145",2021-03-01,"Misiones","Leandro N. Alem",3,6,"marzo",2021,3
"146",2021-07-01,"Misiones","Leandro N. Alem",3,6,"julio",2021,7
"147",2021-08-01,"Misiones","Leandro N. Alem",3,6,"agosto",2021,8
"148",2021-09-01,"Misiones","Leandro N. Alem",3,6,"septiembre",2021,9
"149",2021-10-01,"Misiones","Leandro N. Alem",3,6,"octubre",2021,10
"150",2020-03-01,"Misiones","Candelaria",4,8,"marzo",2020,3
"151",2020-03-01,"Misiones","Libertador General San Martín",4,8,"marzo",2020,3
"152",2020-04-01,"Misiones","Candelaria",4,8,"abril",2020,4
"153",2020-04-01,"Misiones","Libertador General San Martín",4,8,"abril",2020,4
"154",2020-05-01,"Misiones","Candelaria",4,8,"mayo",2020,5
"155",2020-05-01,"Misiones","Libertador General San Martín",4,8,"mayo",2020,5
"156",2020-06-01,"Misiones","Candelaria",4,8,"junio",2020,6
"157",2020-06-01,"Misiones","Libertador General San Martín",4,8,"junio",2020,6
"158",2020-07-01,"Misiones","Eldorado",4,8,"julio",2020,7
"159",2020-08-01,"Misiones","25 de Mayo",4,8,"agosto",2020,8
"160",2020-08-01,"Misiones","Eldorado",4,8,"agosto",2020,8
"161",2020-09-01,"Misiones","25 de Mayo",4,8,"septiembre",2020,9
"162",2020-10-01,"Misiones","25 de Mayo",4,8,"octubre",2020,10
"163",2020-10-01,"Misiones","Eldorado",4,8,"octubre",2020,10
"164",2020-11-01,"Misiones","25 de Mayo",4,8,"noviembre",2020,11
"165",2020-11-01,"Misiones","Eldorado",4,8,"noviembre",2020,11
"166",2020-12-01,"Misiones","Eldorado",4,8,"diciembre",2020,12
"167",2021-01-01,"Misiones","Cainguás",4,8,"enero",2021,1
"168",2021-01-01,"Misiones","Libertador General San Martín",4,8,"enero",2021,1
"169",2021-01-01,"Misiones","San Ignacio",4,8,"enero",2021,1
"170",2021-02-01,"Misiones","San Ignacio",4,8,"febrero",2021,2
"171",2021-03-01,"Misiones","San Ignacio",4,8,"marzo",2021,3
"172",2021-05-01,"Misiones","Oberá",4,8,"mayo",2021,5
"173",2021-06-01,"Misiones","Oberá",4,8,"junio",2021,6
"174",2021-07-01,"Misiones","Oberá",4,8,"julio",2021,7
"175",2021-08-01,"Misiones","Oberá",4,8,"agosto",2021,8
"176",2021-09-01,"Misiones","Oberá",4,8,"septiembre",2021,9
"177",2021-10-01,"Misiones","Oberá",4,8,"octubre",2021,10
"178",2021-11-01,"Misiones","Oberá",4,8,"noviembre",2021,11
"179",2020-03-01,"Misiones","Eldorado",5,10,"marzo",2020,3
"180",2020-03-01,"Misiones","San Ignacio",5,10,"marzo",2020,3
"181",2020-04-01,"Misiones","Eldorado",5,10,"abril",2020,4
"182",2020-04-01,"Misiones","San Ignacio",5,10,"abril",2020,4
"183",2020-05-01,"Misiones","Eldorado",5,10,"mayo",2020,5
"184",2020-05-01,"Misiones","San Ignacio",5,10,"mayo",2020,5
"185",2020-06-01,"Misiones","Eldorado",5,10,"junio",2020,6
"186",2020-06-01,"Misiones","San Ignacio",5,10,"junio",2020,6
"187",2020-07-01,"Misiones","Candelaria",5,10,"julio",2020,7
"188",2020-07-01,"Misiones","San Ignacio",5,10,"julio",2020,7
"189",2020-08-01,"Misiones","San Ignacio",5,10,"agosto",2020,8
"190",2020-09-01,"Misiones","Eldorado",5,10,"septiembre",2020,9
"191",2020-10-01,"Misiones","Libertador General San Martín",5,10,"octubre",2020,10
"192",2020-11-01,"Misiones","Libertador General San Martín",5,10,"noviembre",2020,11
"193",2020-12-01,"Misiones","Leandro N. Alem",5,10,"diciembre",2020,12
"194",2020-12-01,"Misiones","Libertador General San Martín",5,10,"diciembre",2020,12
"195",2021-01-01,"Misiones","Eldorado",5,10,"enero",2021,1
"196",2021-01-01,"Misiones","Leandro N. Alem",5,10,"enero",2021,1
"197",2021-01-01,"Misiones","Leandro N. Alem",5,10,"enero",2021,1
"198",2021-01-01,"Misiones","Oberá",5,10,"enero",2021,1
"199",2021-02-01,"Misiones","Leandro N. Alem",5,10,"febrero",2021,2
"200",2021-02-01,"Misiones","Oberá",5,10,"febrero",2021,2
"201",2021-03-01,"Misiones","Oberá",5,10,"marzo",2021,3
"202",2021-04-01,"Misiones","Oberá",5,10,"abril",2021,4
"203",2021-12-01,"Misiones","Oberá",5,10,"diciembre",2021,12
"204",2020-03-01,"Misiones","Oberá",6,12,"marzo",2020,3
"205",2020-04-01,"Misiones","Oberá",6,12,"abril",2020,4
"206",2020-05-01,"Misiones","Oberá",6,12,"mayo",2020,5
"207",2020-06-01,"Misiones","Oberá",6,12,"junio",2020,6
"208",2020-07-01,"Misiones","Libertador General San Martín",6,12,"julio",2020,7
"209",2020-07-01,"Misiones","Oberá",6,12,"julio",2020,7
"210",2020-08-01,"Misiones","Libertador General San Martín",6,12,"agosto",2020,8
"211",2020-09-01,"Misiones","Libertador General San Martín",6,12,"septiembre",2020,9
"212",2020-09-01,"Misiones","San Ignacio",6,12,"septiembre",2020,9
"213",2020-10-01,"Misiones","San Ignacio",6,12,"octubre",2020,10
"214",2020-11-01,"Misiones","San Ignacio",6,12,"noviembre",2020,11
"215",2021-02-01,"Misiones","Cainguás",6,12,"febrero",2021,2
"216",2021-02-01,"Misiones","Oberá",6,12,"febrero",2021,2
"217",2021-03-01,"Misiones","Cainguás",6,12,"marzo",2021,3
"218",2021-03-01,"Misiones","Oberá",6,12,"marzo",2021,3
"219",2021-05-01,"Misiones","Oberá",6,12,"mayo",2021,5
"220",2021-06-01,"Misiones","Oberá",6,12,"junio",2021,6
"221",2021-07-01,"Misiones","Oberá",6,12,"julio",2021,7
"222",2021-08-01,"Misiones","Oberá",6,12,"agosto",2021,8
"223",2021-09-01,"Misiones","Oberá",6,12,"septiembre",2021,9
"224",2021-10-01,"Misiones","Oberá",6,12,"octubre",2021,10
"225",2021-11-01,"Misiones","Oberá",6,12,"noviembre",2021,11
"226",2021-12-01,"Misiones","Oberá",6,12,"diciembre",2021,12
"227",2020-08-01,"Misiones","Candelaria",7,14,"agosto",2020,8
"228",2020-09-01,"Misiones","Candelaria",7,14,"septiembre",2020,9
"229",2020-12-01,"Misiones","25 de Mayo",7,14,"diciembre",2020,12
"230",2021-01-01,"Misiones","San Ignacio",7,14,"enero",2021,1
"231",2021-04-01,"Misiones","Cainguás",7,14,"abril",2021,4
"232",2020-08-01,"Misiones","Oberá",8,16,"agosto",2020,8
"233",2020-09-01,"Misiones","Oberá",8,16,"septiembre",2020,9
"234",2021-11-01,"Misiones","Leandro N. Alem",8,16,"noviembre",2021,11
"235",2021-12-01,"Misiones","Leandro N. Alem",8,16,"diciembre",2021,12
"236",2020-07-01,"Misiones","Candelaria",9,18,"julio",2020,7
"237",2020-08-01,"Misiones","Candelaria",9,18,"agosto",2020,8
"238",2020-10-01,"Misiones","Candelaria",9,18,"octubre",2020,10
"239",2020-11-01,"Misiones","Candelaria",9,18,"noviembre",2020,11
"240",2020-12-01,"Misiones","Candelaria",9,18,"diciembre",2020,12
"241",2021-01-01,"Misiones","Candelaria",9,18,"enero",2021,1
"242",2021-02-01,"Misiones","Candelaria",9,18,"febrero",2021,2
"243",2021-02-01,"Misiones","Candelaria",9,18,"febrero",2021,2
"244",2021-03-01,"Misiones","Candelaria",9,18,"marzo",2021,3
"245",2021-03-01,"Misiones","Candelaria",9,18,"marzo",2021,3
"246",2020-03-01,"Misiones","Candelaria",10,20,"marzo",2020,3
"247",2020-03-01,"Misiones","Leandro N. Alem",10,20,"marzo",2020,3
"248",2020-03-01,"Misiones","Oberá",10,20,"marzo",2020,3
"249",2020-04-01,"Misiones","Candelaria",10,20,"abril",2020,4
"250",2020-04-01,"Misiones","Leandro N. Alem",10,20,"abril",2020,4
"251",2020-04-01,"Misiones","Oberá",10,20,"abril",2020,4
"252",2020-05-01,"Misiones","Candelaria",10,20,"mayo",2020,5
"253",2020-05-01,"Misiones","Leandro N. Alem",10,20,"mayo",2020,5
"254",2020-05-01,"Misiones","Oberá",10,20,"mayo",2020,5
"255",2020-06-01,"Misiones","Candelaria",10,20,"junio",2020,6
"256",2020-06-01,"Misiones","Leandro N. Alem",10,20,"junio",2020,6
"257",2020-06-01,"Misiones","Oberá",10,20,"junio",2020,6
"258",2020-07-01,"Misiones","Leandro N. Alem",10,20,"julio",2020,7
"259",2020-07-01,"Misiones","Oberá",10,20,"julio",2020,7
"260",2020-08-01,"Misiones","Leandro N. Alem",10,20,"agosto",2020,8
"261",2020-08-01,"Misiones","Oberá",10,20,"agosto",2020,8
"262",2020-09-01,"Misiones","Candelaria",10,20,"septiembre",2020,9
"263",2020-09-01,"Misiones","Leandro N. Alem",10,20,"septiembre",2020,9
"264",2020-09-01,"Misiones","Oberá",10,20,"septiembre",2020,9
"265",2020-10-01,"Misiones","Leandro N. Alem",10,20,"octubre",2020,10
"266",2020-10-01,"Misiones","Oberá",10,20,"octubre",2020,10
"267",2020-10-01,"Misiones","Oberá",10,20,"octubre",2020,10
"268",2020-11-01,"Misiones","Leandro N. Alem",10,20,"noviembre",2020,11
"269",2020-11-01,"Misiones","Oberá",10,20,"noviembre",2020,11
"270",2020-11-01,"Misiones","Oberá",10,20,"noviembre",2020,11
"271",2020-12-01,"Misiones","Oberá",10,20,"diciembre",2020,12
"272",2021-01-01,"Misiones","Oberá",10,20,"enero",2021,1
"273",2021-02-01,"Misiones","Apóstoles",10,20,"febrero",2021,2
"274",2021-02-01,"Misiones","Montecarlo",10,20,"febrero",2021,2
"275",2021-02-01,"Misiones","Oberá",10,20,"febrero",2021,2
"276",2021-02-01,"Misiones","San Javier",10,20,"febrero",2021,2
"277",2021-03-01,"Misiones","Apóstoles",10,20,"marzo",2021,3
"278",2021-03-01,"Misiones","Montecarlo",10,20,"marzo",2021,3
"279",2021-03-01,"Misiones","Oberá",10,20,"marzo",2021,3
"280",2021-03-01,"Misiones","San Javier",10,20,"marzo",2021,3
"281",2021-04-01,"Misiones","Oberá",10,20,"abril",2021,4
"282",2020-03-01,"Misiones","Guaraní",11,22,"marzo",2020,3
"283",2020-03-01,"Misiones","Libertador General San Martín",11,22,"marzo",2020,3
"284",2020-04-01,"Misiones","Guaraní",11,22,"abril",2020,4
"285",2020-04-01,"Misiones","Libertador General San Martín",11,22,"abril",2020,4
"286",2020-05-01,"Misiones","Guaraní",11,22,"mayo",2020,5
"287",2020-05-01,"Misiones","Libertador General San Martín",11,22,"mayo",2020,5
"288",2020-06-01,"Misiones","Guaraní",11,22,"junio",2020,6
"289",2020-06-01,"Misiones","Libertador General San Martín",11,22,"junio",2020,6
"290",2020-12-01,"Misiones","Leandro N. Alem",11,22,"diciembre",2020,12
"291",2020-12-01,"Misiones","Oberá",11,22,"diciembre",2020,12
"292",2021-01-01,"Misiones","Oberá",11,22,"enero",2021,1
"293",2021-02-01,"Misiones","Leandro N. Alem",11,22,"febrero",2021,2
"294",2021-03-01,"Misiones","Leandro N. Alem",11,22,"marzo",2021,3
"295",2021-04-01,"Misiones","Oberá",11,22,"abril",2021,4
"296",2020-03-01,"Misiones","Oberá",12,24,"marzo",2020,3
"297",2020-04-01,"Misiones","Oberá",12,24,"abril",2020,4
"298",2020-05-01,"Misiones","Oberá",12,24,"mayo",2020,5
"299",2020-06-01,"Misiones","Oberá",12,24,"junio",2020,6
"300",2021-02-01,"Misiones","25 de Mayo",12,24,"febrero",2021,2
"301",2021-04-01,"Misiones","Leandro N. Alem",12,24,"abril",2021,4
"302",2021-05-01,"Misiones","Leandro N. Alem",12,24,"mayo",2021,5
"303",2021-06-01,"Misiones","Leandro N. Alem",12,24,"junio",2021,6
"304",2020-07-01,"Misiones","Libertador General San Martín",13,26,"julio",2020,7
"305",2020-08-01,"Misiones","Libertador General San Martín",13,26,"agosto",2020,8
"306",2021-01-01,"Misiones","Leandro N. Alem",13,26,"enero",2021,1
"307",2021-02-01,"Misiones","Leandro N. Alem",13,26,"febrero",2021,2
"308",2021-02-01,"Misiones","Oberá",13,26,"febrero",2021,2
"309",2021-03-01,"Misiones","25 de Mayo",13,26,"marzo",2021,3
"310",2021-03-01,"Misiones","Leandro N. Alem",13,26,"marzo",2021,3
"311",2021-03-01,"Misiones","Oberá",13,26,"marzo",2021,3
"312",2020-07-01,"Misiones","Candelaria",14,28,"julio",2020,7
"313",2020-07-01,"Misiones","Guaraní",14,28,"julio",2020,7
"314",2020-07-01,"Misiones","Oberá",14,28,"julio",2020,7
"315",2020-08-01,"Misiones","Candelaria",14,28,"agosto",2020,8
"316",2020-08-01,"Misiones","Oberá",14,28,"agosto",2020,8
"317",2020-09-01,"Misiones","Candelaria",14,28,"septiembre",2020,9
"318",2020-09-01,"Misiones","Libertador General San Martín",14,28,"septiembre",2020,9
"319",2020-09-01,"Misiones","Oberá",14,28,"septiembre",2020,9
"320",2021-02-01,"Misiones","Libertador General San Martín",14,28,"febrero",2021,2
"321",2021-03-01,"Misiones","Libertador General San Martín",14,28,"marzo",2021,3
"322",2021-04-01,"Misiones","Apóstoles",14,28,"abril",2021,4
"323",2021-08-01,"Misiones","Concepción",14,28,"agosto",2021,8
"324",2021-09-01,"Misiones","Candelaria",14,28,"septiembre",2021,9
"325",2021-09-01,"Misiones","Concepción",14,28,"septiembre",2021,9
"326",2021-10-01,"Misiones","Candelaria",14,28,"octubre",2021,10
"327",2021-10-01,"Misiones","Concepción",14,28,"octubre",2021,10
"328",2021-11-01,"Misiones","Concepción",14,28,"noviembre",2021,11
"329",2021-12-01,"Misiones","Concepción",14,28,"diciembre",2021,12
"330",2020-03-01,"Misiones","Candelaria",15,30,"marzo",2020,3
"331",2020-04-01,"Misiones","Candelaria",15,30,"abril",2020,4
"332",2020-05-01,"Misiones","Candelaria",15,30,"mayo",2020,5
"333",2020-06-01,"Misiones","Candelaria",15,30,"junio",2020,6
"334",2020-10-01,"Misiones","Oberá",15,30,"octubre",2020,10
"335",2020-11-01,"Misiones","Oberá",15,30,"noviembre",2020,11
"336",2020-12-01,"Misiones","Leandro N. Alem",15,30,"diciembre",2020,12
"337",2020-12-01,"Misiones","Oberá",15,30,"diciembre",2020,12
"338",2021-01-01,"Misiones","Candelaria",15,30,"enero",2021,1
"339",2021-01-01,"Misiones","Concepción",15,30,"enero",2021,1
"340",2021-02-01,"Misiones","Candelaria",15,30,"febrero",2021,2
"341",2021-02-01,"Misiones","Concepción",15,30,"febrero",2021,2
"342",2021-03-01,"Misiones","Candelaria",15,30,"marzo",2021,3
"343",2021-03-01,"Misiones","Concepción",15,30,"marzo",2021,3
"344",2021-04-01,"Misiones","Candelaria",15,30,"abril",2021,4
"345",2021-04-01,"Misiones","Candelaria",15,30,"abril",2021,4
"346",2021-04-01,"Misiones","Concepción",15,30,"abril",2021,4
"347",2021-04-01,"Misiones","San Ignacio",15,30,"abril",2021,4
"348",2021-04-01,"Misiones","San Javier",15,30,"abril",2021,4
"349",2021-05-01,"Misiones","Apóstoles",15,30,"mayo",2021,5
"350",2021-05-01,"Misiones","Candelaria",15,30,"mayo",2021,5
"351",2021-05-01,"Misiones","Candelaria",15,30,"mayo",2021,5
"352",2021-05-01,"Misiones","Concepción",15,30,"mayo",2021,5
"353",2021-05-01,"Misiones","San Ignacio",15,30,"mayo",2021,5
"354",2021-05-01,"Misiones","San Javier",15,30,"mayo",2021,5
"355",2021-06-01,"Misiones","Apóstoles",15,30,"junio",2021,6
"356",2021-06-01,"Misiones","Candelaria",15,30,"junio",2021,6
"357",2021-06-01,"Misiones","Candelaria",15,30,"junio",2021,6
"358",2021-06-01,"Misiones","Concepción",15,30,"junio",2021,6
"359",2021-06-01,"Misiones","San Ignacio",15,30,"junio",2021,6
"360",2021-06-01,"Misiones","San Javier",15,30,"junio",2021,6
"361",2021-07-01,"Misiones","Apóstoles",15,30,"julio",2021,7
"362",2021-07-01,"Misiones","Candelaria",15,30,"julio",2021,7
"363",2021-07-01,"Misiones","Concepción",15,30,"julio",2021,7
"364",2021-07-01,"Misiones","San Ignacio",15,30,"julio",2021,7
"365",2021-08-01,"Misiones","Apóstoles",15,30,"agosto",2021,8
"366",2021-08-01,"Misiones","Candelaria",15,30,"agosto",2021,8
"367",2021-08-01,"Misiones","Candelaria",15,30,"agosto",2021,8
"368",2021-08-01,"Misiones","San Ignacio",15,30,"agosto",2021,8
"369",2021-09-01,"Misiones","Apóstoles",15,30,"septiembre",2021,9
"370",2021-09-01,"Misiones","Candelaria",15,30,"septiembre",2021,9
"371",2021-09-01,"Misiones","San Ignacio",15,30,"septiembre",2021,9
"372",2021-10-01,"Misiones","Apóstoles",15,30,"octubre",2021,10
"373",2021-10-01,"Misiones","Candelaria",15,30,"octubre",2021,10
"374",2021-10-01,"Misiones","San Ignacio",15,30,"octubre",2021,10
"375",2021-11-01,"Misiones","Candelaria",15,30,"noviembre",2021,11
"376",2021-11-01,"Misiones","San Ignacio",15,30,"noviembre",2021,11
"377",2021-12-01,"Misiones","Candelaria",15,30,"diciembre",2021,12
"378",2021-12-01,"Misiones","San Ignacio",15,30,"diciembre",2021,12
"379",2020-03-01,"Misiones","Libertador General San Martín",16,32,"marzo",2020,3
"380",2020-04-01,"Misiones","Libertador General San Martín",16,32,"abril",2020,4
"381",2020-05-01,"Misiones","Libertador General San Martín",16,32,"mayo",2020,5
"382",2020-06-01,"Misiones","Libertador General San Martín",16,32,"junio",2020,6
"383",2020-10-01,"Misiones","Libertador General San Martín",16,32,"octubre",2020,10
"384",2020-11-01,"Misiones","Libertador General San Martín",16,32,"noviembre",2020,11
"385",2021-01-01,"Misiones","San Javier",16,32,"enero",2021,1
"386",2021-04-01,"Misiones","Montecarlo",16,32,"abril",2021,4
"387",2021-07-01,"Misiones","25 de Mayo",16,32,"julio",2021,7
"388",2021-07-01,"Misiones","Leandro N. Alem",16,32,"julio",2021,7
"389",2021-08-01,"Misiones","25 de Mayo",16,32,"agosto",2021,8
"390",2021-08-01,"Misiones","Leandro N. Alem",16,32,"agosto",2021,8
"391",2021-09-01,"Misiones","25 de Mayo",16,32,"septiembre",2021,9
"392",2021-09-01,"Misiones","Leandro N. Alem",16,32,"septiembre",2021,9
"393",2021-10-01,"Misiones","25 de Mayo",16,32,"octubre",2021,10
"394",2021-10-01,"Misiones","Leandro N. Alem",16,32,"octubre",2021,10
"395",2021-11-01,"Misiones","25 de Mayo",16,32,"noviembre",2021,11
"396",2021-11-01,"Misiones","Candelaria",16,32,"noviembre",2021,11
"397",2021-11-01,"Misiones","Leandro N. Alem",16,32,"noviembre",2021,11
"398",2021-12-01,"Misiones","25 de Mayo",16,32,"diciembre",2021,12
"399",2021-12-01,"Misiones","Candelaria",16,32,"diciembre",2021,12
"400",2021-12-01,"Misiones","Leandro N. Alem",16,32,"diciembre",2021,12
"401",2020-04-01,"Misiones","San Javier",17,34,"abril",2020,4
"402",2020-05-01,"Misiones","San Javier",17,34,"mayo",2020,5
"403",2020-06-01,"Misiones","San Javier",17,34,"junio",2020,6
"404",2020-07-01,"Misiones","Libertador General San Martín",17,34,"julio",2020,7
"405",2020-08-01,"Misiones","Guaraní",17,34,"agosto",2020,8
"406",2020-09-01,"Misiones","Guaraní",17,34,"septiembre",2020,9
"407",2020-10-01,"Misiones","Candelaria",17,34,"octubre",2020,10
"408",2020-10-01,"Misiones","Candelaria",17,34,"octubre",2020,10
"409",2020-11-01,"Misiones","Candelaria",17,34,"noviembre",2020,11
"410",2020-12-01,"Misiones","Libertador General San Martín",17,34,"diciembre",2020,12
"411",2020-12-01,"Misiones","San Ignacio",17,34,"diciembre",2020,12
"412",2021-01-01,"Misiones","San Ignacio",17,34,"enero",2021,1
"413",2021-02-01,"Misiones","San Javier",17,34,"febrero",2021,2
"414",2021-03-01,"Misiones","Leandro N. Alem",17,34,"marzo",2021,3
"415",2021-03-01,"Misiones","San Javier",17,34,"marzo",2021,3
"416",2021-04-01,"Misiones","Candelaria",17,34,"abril",2021,4
"417",2021-04-01,"Misiones","Leandro N. Alem",17,34,"abril",2021,4
"418",2021-04-01,"Misiones","Libertador General San Martín",17,34,"abril",2021,4
"419",2021-05-01,"Misiones","Candelaria",17,34,"mayo",2021,5
"420",2021-05-01,"Misiones","Leandro N. Alem",17,34,"mayo",2021,5
"421",2021-06-01,"Misiones","Candelaria",17,34,"junio",2021,6
"422",2021-06-01,"Misiones","Leandro N. Alem",17,34,"junio",2021,6
"423",2021-07-01,"Misiones","Candelaria",17,34,"julio",2021,7
"424",2021-07-01,"Misiones","San Javier",17,34,"julio",2021,7
"425",2021-08-01,"Misiones","San Javier",17,34,"agosto",2021,8
"426",2021-09-01,"Misiones","San Javier",17,34,"septiembre",2021,9
"427",2021-10-01,"Misiones","San Javier",17,34,"octubre",2021,10
"428",2021-11-01,"Misiones","San Javier",17,34,"noviembre",2021,11
"429",2021-12-01,"Misiones","San Javier",17,34,"diciembre",2021,12
"430",2020-03-01,"Misiones","Iguazú",18,36,"marzo",2020,3
"431",2020-03-01,"Misiones","San Javier",18,36,"marzo",2020,3
"432",2020-04-01,"Misiones","Iguazú",18,36,"abril",2020,4
"433",2020-05-01,"Misiones","Iguazú",18,36,"mayo",2020,5
"434",2020-06-01,"Misiones","Iguazú",18,36,"junio",2020,6
"435",2020-07-01,"Misiones","San Javier",18,36,"julio",2020,7
"436",2020-11-01,"Misiones","Candelaria",18,36,"noviembre",2020,11
"437",2020-12-01,"Misiones","Candelaria",18,36,"diciembre",2020,12
"438",2021-01-01,"Misiones","Candelaria",18,36,"enero",2021,1
"439",2021-01-01,"Misiones","Leandro N. Alem",18,36,"enero",2021,1
"440",2021-01-01,"Misiones","Libertador General San Martín",18,36,"enero",2021,1
"441",2021-02-01,"Misiones","Candelaria",18,36,"febrero",2021,2
"442",2021-02-01,"Misiones","Eldorado",18,36,"febrero",2021,2
"443",2021-03-01,"Misiones","Candelaria",18,36,"marzo",2021,3
"444",2021-03-01,"Misiones","Eldorado",18,36,"marzo",2021,3
"445",2021-04-01,"Misiones","25 de Mayo",18,36,"abril",2021,4
"446",2021-04-01,"Misiones","San Javier",18,36,"abril",2021,4
"447",2021-05-01,"Misiones","25 de Mayo",18,36,"mayo",2021,5
"448",2021-05-01,"Misiones","Leandro N. Alem",18,36,"mayo",2021,5
"449",2021-05-01,"Misiones","Libertador General San Martín",18,36,"mayo",2021,5
"450",2021-05-01,"Misiones","San Ignacio",18,36,"mayo",2021,5
"451",2021-06-01,"Misiones","25 de Mayo",18,36,"junio",2021,6
"452",2021-06-01,"Misiones","Leandro N. Alem",18,36,"junio",2021,6
"453",2021-06-01,"Misiones","Libertador General San Martín",18,36,"junio",2021,6
"454",2021-10-01,"Misiones","Libertador General San Martín",18,36,"octubre",2021,10
"455",2021-11-01,"Misiones","Apóstoles",18,36,"noviembre",2021,11
"456",2021-12-01,"Misiones","Apóstoles",18,36,"diciembre",2021,12
"457",2020-07-01,"Misiones","Iguazú",19,38,"julio",2020,7
"458",2020-08-01,"Misiones","Iguazú",19,38,"agosto",2020,8
"459",2020-08-01,"Misiones","Libertador General San Martín",19,38,"agosto",2020,8
"460",2020-09-01,"Misiones","Libertador General San Martín",19,38,"septiembre",2020,9
"461",2020-10-01,"Misiones","Iguazú",19,38,"octubre",2020,10
"462",2020-11-01,"Misiones","Iguazú",19,38,"noviembre",2020,11
"463",2021-02-01,"Misiones","Leandro N. Alem",19,38,"febrero",2021,2
"464",2021-02-01,"Misiones","San Ignacio",19,38,"febrero",2021,2
"465",2021-03-01,"Misiones","Leandro N. Alem",19,38,"marzo",2021,3
"466",2021-03-01,"Misiones","San Ignacio",19,38,"marzo",2021,3
"467",2021-04-01,"Misiones","Leandro N. Alem",19,38,"abril",2021,4
"468",2021-04-01,"Misiones","Leandro N. Alem",19,38,"abril",2021,4
"469",2021-04-01,"Misiones","Leandro N. Alem",19,38,"abril",2021,4
"470",2021-04-01,"Misiones","San Ignacio",19,38,"abril",2021,4
"471",2021-06-01,"Misiones","San Ignacio",19,38,"junio",2021,6
"472",2021-07-01,"Misiones","San Ignacio",19,38,"julio",2021,7
"473",2021-07-01,"Misiones","San Ignacio",19,38,"julio",2021,7
"474",2021-08-01,"Misiones","Libertador General San Martín",19,38,"agosto",2021,8
"475",2021-08-01,"Misiones","San Ignacio",19,38,"agosto",2021,8
"476",2021-08-01,"Misiones","San Ignacio",19,38,"agosto",2021,8
"477",2021-09-01,"Misiones","Libertador General San Martín",19,38,"septiembre",2021,9
"478",2021-09-01,"Misiones","San Ignacio",19,38,"septiembre",2021,9
"479",2021-10-01,"Misiones","San Ignacio",19,38,"octubre",2021,10
"480",2021-11-01,"Misiones","Leandro N. Alem",19,38,"noviembre",2021,11
"481",2021-11-01,"Misiones","San Ignacio",19,38,"noviembre",2021,11
"482",2021-12-01,"Misiones","San Ignacio",19,38,"diciembre",2021,12
"483",2020-07-01,"Misiones","Concepción",20,40,"julio",2020,7
"484",2020-09-01,"Misiones","Iguazú",20,40,"septiembre",2020,9
"485",2021-04-01,"Misiones","Candelaria",20,40,"abril",2021,4
"486",2021-05-01,"Misiones","Cainguás",20,40,"mayo",2021,5
"487",2021-05-01,"Misiones","San Ignacio",20,40,"mayo",2021,5
"488",2021-06-01,"Misiones","Cainguás",20,40,"junio",2021,6
"489",2021-06-01,"Misiones","San Ignacio",20,40,"junio",2021,6
"490",2021-07-01,"Misiones","Leandro N. Alem",20,40,"julio",2021,7
"491",2021-07-01,"Misiones","Libertador General San Martín",20,40,"julio",2021,7
"492",2021-08-01,"Misiones","Leandro N. Alem",20,40,"agosto",2021,8
"493",2021-09-01,"Misiones","Leandro N. Alem",20,40,"septiembre",2021,9
"494",2021-09-01,"Misiones","San Ignacio",20,40,"septiembre",2021,9
"495",2021-10-01,"Misiones","Leandro N. Alem",20,40,"octubre",2021,10
"496",2021-10-01,"Misiones","San Ignacio",20,40,"octubre",2021,10
"497",2021-12-01,"Misiones","Leandro N. Alem",20,40,"diciembre",2021,12
"498",2020-03-01,"Misiones","Libertador General San Martín",21,42,"marzo",2020,3
"499",2020-04-01,"Misiones","Libertador General San Martín",21,42,"abril",2020,4
"500",2020-05-01,"Misiones","Libertador General San Martín",21,42,"mayo",2020,5
"501",2020-06-01,"Misiones","Libertador General San Martín",21,42,"junio",2020,6
"502",2020-07-01,"Misiones","Libertador General San Martín",21,42,"julio",2020,7
"503",2021-04-01,"Misiones","San Ignacio",21,42,"abril",2021,4
"504",2021-05-01,"Misiones","Leandro N. Alem",21,42,"mayo",2021,5
"505",2021-06-01,"Misiones","Leandro N. Alem",21,42,"junio",2021,6
"506",2021-11-01,"Misiones","Leandro N. Alem",21,42,"noviembre",2021,11
"507",2021-12-01,"Misiones","Leandro N. Alem",21,42,"diciembre",2021,12
"508",2020-03-01,"Misiones","25 de Mayo",22,44,"marzo",2020,3
"509",2020-03-01,"Misiones","Concepción",22,44,"marzo",2020,3
"510",2020-04-01,"Misiones","25 de Mayo",22,44,"abril",2020,4
"511",2020-04-01,"Misiones","Concepción",22,44,"abril",2020,4
"512",2020-05-01,"Misiones","25 de Mayo",22,44,"mayo",2020,5
"513",2020-05-01,"Misiones","Concepción",22,44,"mayo",2020,5
"514",2020-06-01,"Misiones","25 de Mayo",22,44,"junio",2020,6
"515",2020-06-01,"Misiones","Concepción",22,44,"junio",2020,6
"516",2020-07-01,"Misiones","25 de Mayo",22,44,"julio",2020,7
"517",2020-08-01,"Misiones","25 de Mayo",22,44,"agosto",2020,8
"518",2020-08-01,"Misiones","Concepción",22,44,"agosto",2020,8
"519",2020-09-01,"Misiones","25 de Mayo",22,44,"septiembre",2020,9
"520",2020-10-01,"Misiones","25 de Mayo",22,44,"octubre",2020,10
"521",2020-11-01,"Misiones","25 de Mayo",22,44,"noviembre",2020,11
"522",2021-01-01,"Misiones","25 de Mayo",22,44,"enero",2021,1
"523",2021-02-01,"Misiones","25 de Mayo",22,44,"febrero",2021,2
"524",2021-03-01,"Misiones","25 de Mayo",22,44,"marzo",2021,3
"525",2021-05-01,"Misiones","Candelaria",22,44,"mayo",2021,5
"526",2021-05-01,"Misiones","Leandro N. Alem",22,44,"mayo",2021,5
"527",2021-05-01,"Misiones","Oberá",22,44,"mayo",2021,5
"528",2021-06-01,"Misiones","Candelaria",22,44,"junio",2021,6
"529",2021-06-01,"Misiones","Leandro N. Alem",22,44,"junio",2021,6
"530",2021-06-01,"Misiones","Oberá",22,44,"junio",2021,6
"531",2021-08-01,"Misiones","Leandro N. Alem",22,44,"agosto",2021,8
"532",2021-08-01,"Misiones","Leandro N. Alem",22,44,"agosto",2021,8
"533",2021-09-01,"Misiones","Leandro N. Alem",22,44,"septiembre",2021,9
"534",2021-09-01,"Misiones","Leandro N. Alem",22,44,"septiembre",2021,9
"535",2021-10-01,"Misiones","Leandro N. Alem",22,44,"octubre",2021,10
"536",2021-10-01,"Misiones","Leandro N. Alem",22,44,"octubre",2021,10
"537",2021-10-01,"Misiones","San Javier",22,44,"octubre",2021,10
"538",2021-11-01,"Misiones","Leandro N. Alem",22,44,"noviembre",2021,11
"539",2021-12-01,"Misiones","Leandro N. Alem",22,44,"diciembre",2021,12
"540",2020-03-01,"Misiones","Libertador General San Martín",23,46,"marzo",2020,3
"541",2020-12-01,"Misiones","25 de Mayo",23,46,"diciembre",2020,12
"542",2021-04-01,"Misiones","Iguazú",23,46,"abril",2021,4
"543",2021-07-01,"Misiones","Leandro N. Alem",23,46,"julio",2021,7
"544",2021-07-01,"Misiones","Leandro N. Alem",23,46,"julio",2021,7
"545",2021-09-01,"Misiones","San Javier",23,46,"septiembre",2021,9
"546",2021-10-01,"Misiones","Leandro N. Alem",23,46,"octubre",2021,10
"547",2021-11-01,"Misiones","Leandro N. Alem",23,46,"noviembre",2021,11
"548",2021-11-01,"Misiones","San Javier",23,46,"noviembre",2021,11
"549",2021-12-01,"Misiones","Leandro N. Alem",23,46,"diciembre",2021,12
"550",2020-04-01,"Misiones","Libertador General San Martín",24,48,"abril",2020,4
"551",2020-05-01,"Misiones","Libertador General San Martín",24,48,"mayo",2020,5
"552",2020-06-01,"Misiones","Libertador General San Martín",24,48,"junio",2020,6
"553",2020-07-01,"Misiones","Libertador General San Martín",24,48,"julio",2020,7
"554",2020-07-01,"Misiones","San Ignacio",24,48,"julio",2020,7
"555",2020-08-01,"Misiones","San Ignacio",24,48,"agosto",2020,8
"556",2020-09-01,"Misiones","Concepción",24,48,"septiembre",2020,9
"557",2020-09-01,"Misiones","San Ignacio",24,48,"septiembre",2020,9
"558",2020-10-01,"Misiones","San Ignacio",24,48,"octubre",2020,10
"559",2020-11-01,"Misiones","San Ignacio",24,48,"noviembre",2020,11
"560",2020-12-01,"Misiones","Iguazú",24,48,"diciembre",2020,12
"561",2020-12-01,"Misiones","San Ignacio",24,48,"diciembre",2020,12
"562",2021-01-01,"Misiones","Iguazú",24,48,"enero",2021,1
"563",2021-01-01,"Misiones","Libertador General San Martín",24,48,"enero",2021,1
"564",2021-02-01,"Misiones","Iguazú",24,48,"febrero",2021,2
"565",2021-02-01,"Misiones","Libertador General San Martín",24,48,"febrero",2021,2
"566",2021-03-01,"Misiones","Iguazú",24,48,"marzo",2021,3
"567",2021-03-01,"Misiones","Libertador General San Martín",24,48,"marzo",2021,3
"568",2021-04-01,"Misiones","25 de Mayo",24,48,"abril",2021,4
"569",2021-04-01,"Misiones","Oberá",24,48,"abril",2021,4
"570",2021-05-01,"Misiones","Oberá",24,48,"mayo",2021,5
"571",2021-05-01,"Misiones","San Javier",24,48,"mayo",2021,5
"572",2021-06-01,"Misiones","Oberá",24,48,"junio",2021,6
"573",2021-06-01,"Misiones","San Javier",24,48,"junio",2021,6
"574",2021-07-01,"Misiones","Eldorado",24,48,"julio",2021,7
"575",2021-07-01,"Misiones","San Javier",24,48,"julio",2021,7
"576",2021-08-01,"Misiones","Eldorado",24,48,"agosto",2021,8
"577",2021-08-01,"Misiones","Oberá",24,48,"agosto",2021,8
"578",2021-08-01,"Misiones","San Javier",24,48,"agosto",2021,8
"579",2021-09-01,"Misiones","Eldorado",24,48,"septiembre",2021,9
"580",2021-09-01,"Misiones","Oberá",24,48,"septiembre",2021,9
"581",2021-10-01,"Misiones","Eldorado",24,48,"octubre",2021,10
"582",2021-10-01,"Misiones","Oberá",24,48,"octubre",2021,10
"583",2021-11-01,"Misiones","Eldorado",24,48,"noviembre",2021,11
"584",2021-11-01,"Misiones","Libertador General San Martín",24,48,"noviembre",2021,11
"585",2021-12-01,"Misiones","Libertador General San Martín",24,48,"diciembre",2021,12
"586",2020-06-01,"Misiones","San Ignacio",25,50,"junio",2020,6
"587",2020-08-01,"Misiones","Libertador General San Martín",25,50,"agosto",2020,8
"588",2020-08-01,"Misiones","Libertador General San Martín",25,50,"agosto",2020,8
"589",2020-09-01,"Misiones","Libertador General San Martín",25,50,"septiembre",2020,9
"590",2020-09-01,"Misiones","Libertador General San Martín",25,50,"septiembre",2020,9
"591",2020-10-01,"Misiones","Libertador General San Martín",25,50,"octubre",2020,10
"592",2020-11-01,"Misiones","Libertador General San Martín",25,50,"noviembre",2020,11
"593",2020-12-01,"Misiones","Libertador General San Martín",25,50,"diciembre",2020,12
"594",2021-02-01,"Misiones","San Ignacio",25,50,"febrero",2021,2
"595",2021-04-01,"Misiones","Eldorado",25,50,"abril",2021,4
"596",2021-05-01,"Misiones","Eldorado",25,50,"mayo",2021,5
"597",2021-06-01,"Misiones","Eldorado",25,50,"junio",2021,6
"598",2021-07-01,"Misiones","Leandro N. Alem",25,50,"julio",2021,7
"599",2021-07-01,"Misiones","Leandro N. Alem",25,50,"julio",2021,7
"600",2021-07-01,"Misiones","Oberá",25,50,"julio",2021,7
"601",2021-08-01,"Misiones","Leandro N. Alem",25,50,"agosto",2021,8
"602",2021-08-01,"Misiones","Leandro N. Alem",25,50,"agosto",2021,8
"603",2021-09-01,"Misiones","Candelaria",25,50,"septiembre",2021,9
"604",2021-09-01,"Misiones","Leandro N. Alem",25,50,"septiembre",2021,9
"605",2021-09-01,"Misiones","Leandro N. Alem",25,50,"septiembre",2021,9
"606",2021-10-01,"Misiones","Candelaria",25,50,"octubre",2021,10
"607",2021-10-01,"Misiones","Leandro N. Alem",25,50,"octubre",2021,10
"608",2021-11-01,"Misiones","Leandro N. Alem",25,50,"noviembre",2021,11
"609",2021-11-01,"Misiones","Oberá",25,50,"noviembre",2021,11
"610",2021-12-01,"Misiones","Leandro N. Alem",25,50,"diciembre",2021,12
"611",2020-08-01,"Misiones","San Javier",26,52,"agosto",2020,8
"612",2020-09-01,"Misiones","San Javier",26,52,"septiembre",2020,9
"613",2021-03-01,"Misiones","San Ignacio",26,52,"marzo",2021,3
"614",2021-04-01,"Misiones","Libertador General San Martín",26,52,"abril",2021,4
"615",2021-07-01,"Misiones","Candelaria",26,52,"julio",2021,7
"616",2021-07-01,"Misiones","Oberá",26,52,"julio",2021,7
"617",2021-08-01,"Misiones","Candelaria",26,52,"agosto",2021,8
"618",2021-08-01,"Misiones","Oberá",26,52,"agosto",2021,8
"619",2021-11-01,"Misiones","San Ignacio",26,52,"noviembre",2021,11
"620",2021-12-01,"Misiones","Oberá",26,52,"diciembre",2021,12
"621",2020-03-01,"Misiones","San Ignacio",27,54,"marzo",2020,3
"622",2020-04-01,"Misiones","San Ignacio",27,54,"abril",2020,4
"623",2020-05-01,"Misiones","San Ignacio",27,54,"mayo",2020,5
"624",2020-10-01,"Misiones","Concepción",27,54,"octubre",2020,10
"625",2020-11-01,"Misiones","Concepción",27,54,"noviembre",2020,11
"626",2021-01-01,"Misiones","Leandro N. Alem",27,54,"enero",2021,1
"627",2021-02-01,"Misiones","Leandro N. Alem",27,54,"febrero",2021,2
"628",2021-03-01,"Misiones","Leandro N. Alem",27,54,"marzo",2021,3
"629",2021-03-01,"Misiones","Libertador General San Martín",27,54,"marzo",2021,3
"630",2021-04-01,"Misiones","Leandro N. Alem",27,54,"abril",2021,4
"631",2021-05-01,"Misiones","Leandro N. Alem",27,54,"mayo",2021,5
"632",2021-06-01,"Misiones","Leandro N. Alem",27,54,"junio",2021,6
"633",2021-09-01,"Misiones","Oberá",27,54,"septiembre",2021,9
"634",2021-10-01,"Misiones","Oberá",27,54,"octubre",2021,10
"635",2021-11-01,"Misiones","Candelaria",27,54,"noviembre",2021,11
"636",2021-12-01,"Misiones","Eldorado",27,54,"diciembre",2021,12
"637",2020-11-01,"Misiones","Libertador General San Martín",28,56,"noviembre",2020,11
"638",2021-01-01,"Misiones","San Ignacio",28,56,"enero",2021,1
"639",2021-02-01,"Misiones","Libertador General San Martín",28,56,"febrero",2021,2
"640",2021-04-01,"Misiones","Concepción",28,56,"abril",2021,4
"641",2021-05-01,"Misiones","Oberá",28,56,"mayo",2021,5
"642",2021-06-01,"Misiones","Oberá",28,56,"junio",2021,6
"643",2021-12-01,"Misiones","Candelaria",28,56,"diciembre",2021,12
"644",2020-10-01,"Misiones","Libertador General San Martín",29,58,"octubre",2020,10
"645",2020-12-01,"Misiones","Candelaria",29,58,"diciembre",2020,12
"646",2020-12-01,"Misiones","Libertador General San Martín",29,58,"diciembre",2020,12
"647",2021-05-01,"Misiones","25 de Mayo",29,58,"mayo",2021,5
"648",2021-06-01,"Misiones","25 de Mayo",29,58,"junio",2021,6
"649",2021-11-01,"Misiones","Oberá",29,58,"noviembre",2021,11
"650",2021-12-01,"Misiones","Oberá",29,58,"diciembre",2021,12
"651",2020-03-01,"Misiones","Eldorado",30,60,"marzo",2020,3
"652",2020-04-01,"Misiones","Eldorado",30,60,"abril",2020,4
"653",2020-05-01,"Misiones","Eldorado",30,60,"mayo",2020,5
"654",2020-06-01,"Misiones","Eldorado",30,60,"junio",2020,6
"655",2020-09-01,"Misiones","Eldorado",30,60,"septiembre",2020,9
"656",2020-10-01,"Misiones","Eldorado",30,60,"octubre",2020,10
"657",2020-11-01,"Misiones","Eldorado",30,60,"noviembre",2020,11
"658",2020-07-01,"Misiones","Eldorado",31,62,"julio",2020,7
"659",2020-08-01,"Misiones","Eldorado",31,62,"agosto",2020,8
"660",2021-01-01,"Misiones","Oberá",31,62,"enero",2021,1
"661",2021-05-01,"Misiones","Candelaria",31,62,"mayo",2021,5
"662",2021-06-01,"Misiones","Candelaria",31,62,"junio",2021,6
"663",2021-04-01,"Misiones","Libertador General San Martín",32,64,"abril",2021,4
"664",2021-05-01,"Misiones","Libertador General San Martín",32,64,"mayo",2021,5
"665",2021-06-01,"Misiones","Libertador General San Martín",32,64,"junio",2021,6
"666",2020-12-01,"Misiones","Concepción",33,66,"diciembre",2020,12
"667",2021-02-01,"Misiones","Concepción",33,66,"febrero",2021,2
"668",2021-03-01,"Misiones","Concepción",33,66,"marzo",2021,3
"669",2021-05-01,"Misiones","Libertador General San Martín",33,66,"mayo",2021,5
"670",2021-06-01,"Misiones","Libertador General San Martín",33,66,"junio",2021,6
"671",2020-10-01,"Misiones","Guaraní",34,68,"octubre",2020,10
"672",2020-10-01,"Misiones","Libertador General San Martín",34,68,"octubre",2020,10
"673",2020-11-01,"Misiones","Guaraní",34,68,"noviembre",2020,11
"674",2020-11-01,"Misiones","Libertador General San Martín",34,68,"noviembre",2020,11
"675",2021-01-01,"Misiones","Concepción",34,68,"enero",2021,1
"676",2021-07-01,"Misiones","25 de Mayo",34,68,"julio",2021,7
"677",2021-08-01,"Misiones","25 de Mayo",34,68,"agosto",2021,8
"678",2021-08-01,"Misiones","Libertador General San Martín",34,68,"agosto",2021,8
"679",2021-09-01,"Misiones","25 de Mayo",34,68,"septiembre",2021,9
"680",2021-09-01,"Misiones","Libertador General San Martín",34,68,"septiembre",2021,9
"681",2021-10-01,"Misiones","Libertador General San Martín",34,68,"octubre",2021,10
"682",2021-12-01,"Misiones","San Ignacio",34,68,"diciembre",2021,12
"683",2020-12-01,"Misiones","Eldorado",35,70,"diciembre",2020,12
"684",2020-12-01,"Misiones","Guaraní",35,70,"diciembre",2020,12
"685",2020-12-01,"Misiones","Libertador General San Martín",35,70,"diciembre",2020,12
"686",2021-02-01,"Misiones","Oberá",35,70,"febrero",2021,2
"687",2021-04-01,"Misiones","San Ignacio",35,70,"abril",2021,4
"688",2021-07-01,"Misiones","Libertador General San Martín",35,70,"julio",2021,7
"689",2020-04-01,"Misiones","Apóstoles",36,72,"abril",2020,4
"690",2020-05-01,"Misiones","Apóstoles",36,72,"mayo",2020,5
"691",2020-10-01,"Misiones","San Javier",36,72,"octubre",2020,10
"692",2020-11-01,"Misiones","San Javier",36,72,"noviembre",2020,11
"693",2021-01-01,"Misiones","Eldorado",36,72,"enero",2021,1
"694",2021-01-01,"Misiones","Libertador General San Martín",36,72,"enero",2021,1
"695",2021-02-01,"Misiones","San Ignacio",36,72,"febrero",2021,2
"696",2021-03-01,"Misiones","San Ignacio",36,72,"marzo",2021,3
"697",2021-10-01,"Misiones","25 de Mayo",36,72,"octubre",2021,10
"698",2020-03-01,"Misiones","Apóstoles",37,74,"marzo",2020,3
"699",2020-06-01,"Misiones","Apóstoles",37,74,"junio",2020,6
"700",2021-02-01,"Misiones","Libertador General San Martín",37,74,"febrero",2021,2
"701",2021-03-01,"Misiones","Libertador General San Martín",37,74,"marzo",2021,3
"702",2021-12-01,"Misiones","San Javier",37,74,"diciembre",2021,12
"703",2021-01-01,"Misiones","Libertador General San Martín",38,76,"enero",2021,1
"704",2020-07-01,"Misiones","Apóstoles",39,78,"julio",2020,7
"705",2020-03-01,"Misiones","Libertador General San Martín",40,80,"marzo",2020,3
"706",2020-04-01,"Misiones","Libertador General San Martín",40,80,"abril",2020,4
"707",2020-05-01,"Misiones","Libertador General San Martín",40,80,"mayo",2020,5
"708",2020-06-01,"Misiones","Libertador General San Martín",40,80,"junio",2020,6
"709",2021-05-01,"Misiones","San Ignacio",40,80,"mayo",2021,5
"710",2021-06-01,"Misiones","San Ignacio",40,80,"junio",2021,6
"711",2021-09-01,"Misiones","Oberá",41,82,"septiembre",2021,9
"712",2021-10-01,"Misiones","Oberá",41,82,"octubre",2021,10
"713",2020-07-01,"Misiones","Libertador General San Martín",42,84,"julio",2020,7
"714",2021-02-01,"Misiones","Eldorado",42,84,"febrero",2021,2
"715",2021-03-01,"Misiones","Eldorado",42,84,"marzo",2021,3
"716",2021-07-01,"Misiones","Oberá",42,84,"julio",2021,7
"717",2021-08-01,"Misiones","Oberá",42,84,"agosto",2021,8
"718",2021-11-01,"Misiones","25 de Mayo",42,84,"noviembre",2021,11
"719",2021-12-01,"Misiones","25 de Mayo",42,84,"diciembre",2021,12
"720",2020-08-01,"Misiones","Apóstoles",43,86,"agosto",2020,8
"721",2020-09-01,"Misiones","Apóstoles",43,86,"septiembre",2020,9
"722",2021-01-01,"Misiones","25 de Mayo",43,86,"enero",2021,1
"723",2021-01-01,"Misiones","Candelaria",43,86,"enero",2021,1
"724",2021-04-01,"Misiones","San Ignacio",43,86,"abril",2021,4
"725",2021-05-01,"Misiones","Montecarlo",43,86,"mayo",2021,5
"726",2021-06-01,"Misiones","Montecarlo",43,86,"junio",2021,6
"727",2021-08-01,"Misiones","Libertador General San Martín",43,86,"agosto",2021,8
"728",2021-09-01,"Misiones","Libertador General San Martín",43,86,"septiembre",2021,9
"729",2021-11-01,"Misiones","Oberá",43,86,"noviembre",2021,11
"730",2020-10-01,"Misiones","Apóstoles",44,88,"octubre",2020,10
"731",2020-11-01,"Misiones","Apóstoles",44,88,"noviembre",2020,11
"732",2020-12-01,"Misiones","Apóstoles",44,88,"diciembre",2020,12
"733",2021-02-01,"Misiones","25 de Mayo",44,88,"febrero",2021,2
"734",2021-03-01,"Misiones","25 de Mayo",44,88,"marzo",2021,3
"735",2021-07-01,"Misiones","25 de Mayo",44,88,"julio",2021,7
"736",2021-07-01,"Misiones","Libertador General San Martín",44,88,"julio",2021,7
"737",2021-10-01,"Misiones","Libertador General San Martín",44,88,"octubre",2021,10
"738",2021-11-01,"Misiones","Candelaria",44,88,"noviembre",2021,11
"739",2021-12-01,"Misiones","Candelaria",44,88,"diciembre",2021,12
"740",2021-02-01,"Misiones","Candelaria",45,90,"febrero",2021,2
"741",2021-03-01,"Misiones","Candelaria",45,90,"marzo",2021,3
"742",2021-04-01,"Misiones","25 de Mayo",45,90,"abril",2021,4
"743",2021-07-01,"Misiones","Candelaria",45,90,"julio",2021,7
"744",2021-08-01,"Misiones","Candelaria",45,90,"agosto",2021,8
"745",2021-11-01,"Misiones","Libertador General San Martín",45,90,"noviembre",2021,11
"746",2021-12-01,"Misiones","Oberá",45,90,"diciembre",2021,12
"747",2021-04-01,"Misiones","Candelaria",46,92,"abril",2021,4
"748",2021-07-01,"Misiones","Candelaria",46,92,"julio",2021,7
"749",2021-07-01,"Misiones","San Ignacio",46,92,"julio",2021,7
"750",2021-08-01,"Misiones","25 de Mayo",46,92,"agosto",2021,8
"751",2021-08-01,"Misiones","Candelaria",46,92,"agosto",2021,8
"752",2021-08-01,"Misiones","San Ignacio",46,92,"agosto",2021,8
"753",2021-09-01,"Misiones","Candelaria",46,92,"septiembre",2021,9
"754",2021-09-01,"Misiones","Candelaria",46,92,"septiembre",2021,9
"755",2021-09-01,"Misiones","San Ignacio",46,92,"septiembre",2021,9
"756",2021-10-01,"Misiones","Candelaria",46,92,"octubre",2021,10
"757",2021-10-01,"Misiones","Candelaria",46,92,"octubre",2021,10
"758",2021-02-01,"Misiones","Libertador General San Martín",47,94,"febrero",2021,2
"759",2021-03-01,"Misiones","Libertador General San Martín",47,94,"marzo",2021,3
"760",2021-10-01,"Misiones","25 de Mayo",47,94,"octubre",2021,10
"761",2021-10-01,"Misiones","San Ignacio",47,94,"octubre",2021,10
"762",2021-11-01,"Misiones","25 de Mayo",47,94,"noviembre",2021,11
"763",2021-11-01,"Misiones","San Ignacio",47,94,"noviembre",2021,11
"764",2021-04-01,"Misiones","Apóstoles",48,96,"abril",2021,4
"765",2021-05-01,"Misiones","25 de Mayo",48,96,"mayo",2021,5
"766",2021-05-01,"Misiones","Iguazú",48,96,"mayo",2021,5
"767",2021-06-01,"Misiones","25 de Mayo",48,96,"junio",2021,6
"768",2021-09-01,"Misiones","25 de Mayo",48,96,"septiembre",2021,9
"769",2021-12-01,"Misiones","Libertador General San Martín",48,96,"diciembre",2021,12
"770",2021-01-01,"Misiones","Guaraní",49,98,"enero",2021,1
"771",2021-03-01,"Misiones","Apóstoles",49,98,"marzo",2021,3
"772",2021-06-01,"Misiones","Iguazú",49,98,"junio",2021,6
"773",2021-07-01,"Misiones","Montecarlo",49,98,"julio",2021,7
"774",2021-08-01,"Misiones","Montecarlo",49,98,"agosto",2021,8
"775",2021-09-01,"Misiones","Montecarlo",49,98,"septiembre",2021,9
"776",2021-10-01,"Misiones","Montecarlo",49,98,"octubre",2021,10
"777",2020-06-01,"Misiones","Eldorado",50,100,"junio",2020,6
"778",2020-07-01,"Misiones","Eldorado",50,100,"julio",2020,7
"779",2021-02-01,"Misiones","Apóstoles",50,100,"febrero",2021,2
"780",2021-03-01,"Misiones","Oberá",50,100,"marzo",2021,3
"781",2021-12-01,"Misiones","San Ignacio",50,100,"diciembre",2021,12
"782",2020-03-01,"Misiones","Eldorado",51,102,"marzo",2020,3
"783",2020-04-01,"Misiones","Eldorado",51,102,"abril",2020,4
"784",2020-05-01,"Misiones","Eldorado",51,102,"mayo",2020,5
"785",2021-01-01,"Misiones","Apóstoles",51,102,"enero",2021,1
"786",2021-04-01,"Misiones","Libertador General San Martín",51,102,"abril",2021,4
"787",2021-05-01,"Misiones","San Ignacio",51,102,"mayo",2021,5
"788",2021-06-01,"Misiones","San Ignacio",51,102,"junio",2021,6
"789",2021-12-01,"Misiones","25 de Mayo",52,104,"diciembre",2021,12
"790",2020-08-01,"Misiones","Eldorado",53,106,"agosto",2020,8
"791",2021-04-01,"Misiones","Libertador General San Martín",53,106,"abril",2021,4
"792",2021-11-01,"Misiones","Candelaria",53,106,"noviembre",2021,11
"793",2021-12-01,"Misiones","Candelaria",53,106,"diciembre",2021,12
"794",2020-09-01,"Misiones","Eldorado",54,108,"septiembre",2020,9
"795",2020-10-01,"Misiones","Eldorado",54,108,"octubre",2020,10
"796",2020-11-01,"Misiones","Eldorado",54,108,"noviembre",2020,11
"797",2020-12-01,"Misiones","Eldorado",54,108,"diciembre",2020,12
"798",2020-12-01,"Misiones","San Javier",54,108,"diciembre",2020,12
"799",2021-01-01,"Misiones","Eldorado",54,108,"enero",2021,1
"800",2021-04-01,"Misiones","Eldorado",54,108,"abril",2021,4
"801",2021-05-01,"Misiones","Candelaria",54,108,"mayo",2021,5
"802",2021-05-01,"Misiones","Concepción",55,110,"mayo",2021,5
"803",2021-06-01,"Misiones","Candelaria",56,112,"junio",2021,6
"804",2021-11-01,"Misiones","Montecarlo",56,112,"noviembre",2021,11
"805",2021-02-01,"Misiones","Guaraní",58,116,"febrero",2021,2
"806",2021-03-01,"Misiones","Guaraní",58,116,"marzo",2021,3
"807",2021-05-01,"Misiones","Libertador General San Martín",58,116,"mayo",2021,5
"808",2021-06-01,"Misiones","Concepción",58,116,"junio",2021,6
"809",2021-06-01,"Misiones","Libertador General San Martín",58,116,"junio",2021,6
"810",2021-08-01,"Misiones","Concepción",58,116,"agosto",2021,8
"811",2021-08-01,"Misiones","San Ignacio",59,118,"agosto",2021,8
"812",2021-07-01,"Misiones","Concepción",60,120,"julio",2021,7
"813",2021-07-01,"Misiones","San Ignacio",61,122,"julio",2021,7
"814",2021-09-01,"Misiones","San Ignacio",61,122,"septiembre",2021,9
"815",2021-10-01,"Misiones","San Ignacio",61,122,"octubre",2021,10
"816",2021-11-01,"Misiones","San Ignacio",61,122,"noviembre",2021,11
"817",2020-11-01,"Misiones","Eldorado",62,124,"noviembre",2020,11
"818",2021-03-01,"Misiones","Eldorado",62,124,"marzo",2021,3
"819",2021-07-01,"Misiones","Cainguás",62,124,"julio",2021,7
"820",2021-07-01,"Misiones","Candelaria",62,124,"julio",2021,7
"821",2021-08-01,"Misiones","Cainguás",62,124,"agosto",2021,8
"822",2021-09-01,"Misiones","Concepción",62,124,"septiembre",2021,9
"823",2021-10-01,"Misiones","Concepción",62,124,"octubre",2021,10
"824",2021-12-01,"Misiones","San Ignacio",62,124,"diciembre",2021,12
"825",2020-03-01,"Misiones","Cainguás",63,126,"marzo",2020,3
"826",2020-03-01,"Misiones","Cainguás",63,126,"marzo",2020,3
"827",2020-04-01,"Misiones","Cainguás",63,126,"abril",2020,4
"828",2020-04-01,"Misiones","Cainguás",63,126,"abril",2020,4
"829",2020-05-01,"Misiones","Cainguás",63,126,"mayo",2020,5
"830",2020-05-01,"Misiones","Cainguás",63,126,"mayo",2020,5
"831",2020-06-01,"Misiones","Cainguás",63,126,"junio",2020,6
"832",2020-07-01,"Misiones","Eldorado",63,126,"julio",2020,7
"833",2020-08-01,"Misiones","Eldorado",63,126,"agosto",2020,8
"834",2021-02-01,"Misiones","Eldorado",63,126,"febrero",2021,2
"835",2021-04-01,"Misiones","Oberá",63,126,"abril",2021,4
"836",2021-08-01,"Misiones","Candelaria",63,126,"agosto",2021,8
"837",2021-09-01,"Misiones","Cainguás",63,126,"septiembre",2021,9
"838",2021-11-01,"Misiones","Concepción",63,126,"noviembre",2021,11
"839",2020-12-01,"Misiones","Eldorado",64,128,"diciembre",2020,12
"840",2021-09-01,"Misiones","Candelaria",64,128,"septiembre",2021,9
"841",2021-10-01,"Misiones","Cainguás",64,128,"octubre",2021,10
"842",2021-10-01,"Misiones","Candelaria",64,128,"octubre",2021,10
"843",2020-06-01,"Misiones","Cainguás",65,130,"junio",2020,6
"844",2020-08-01,"Misiones","Libertador General San Martín",65,130,"agosto",2020,8
"845",2020-09-01,"Misiones","Eldorado",65,130,"septiembre",2020,9
"846",2020-10-01,"Misiones","Eldorado",65,130,"octubre",2020,10
"847",2021-01-01,"Misiones","Eldorado",65,130,"enero",2021,1
"848",2021-02-01,"Misiones","Eldorado",65,130,"febrero",2021,2
"849",2021-03-01,"Misiones","Eldorado",65,130,"marzo",2021,3
"850",2021-12-01,"Misiones","Concepción",65,130,"diciembre",2021,12
"851",2020-03-01,"Misiones","Eldorado",66,132,"marzo",2020,3
"852",2020-04-01,"Misiones","Eldorado",66,132,"abril",2020,4
"853",2020-05-01,"Misiones","Eldorado",66,132,"mayo",2020,5
"854",2020-06-01,"Misiones","Eldorado",66,132,"junio",2020,6
"855",2020-07-01,"Misiones","Cainguás",66,132,"julio",2020,7
"856",2020-07-01,"Misiones","Cainguás",66,132,"julio",2020,7
"857",2021-11-01,"Misiones","Cainguás",66,132,"noviembre",2021,11
"858",2021-11-01,"Misiones","Libertador General San Martín",66,132,"noviembre",2021,11
"859",2021-07-01,"Misiones","Libertador General San Martín",68,136,"julio",2021,7
"860",2021-08-01,"Misiones","Iguazú",68,136,"agosto",2021,8
"861",2021-08-01,"Misiones","Libertador General San Martín",68,136,"agosto",2021,8
"862",2021-09-01,"Misiones","Libertador General San Martín",68,136,"septiembre",2021,9
"863",2021-10-01,"Misiones","Libertador General San Martín",68,136,"octubre",2021,10
"864",2021-07-01,"Misiones","Iguazú",69,138,"julio",2021,7
"865",2020-08-01,"Misiones","Cainguás",70,140,"agosto",2020,8
"866",2020-09-01,"Misiones","Cainguás",70,140,"septiembre",2020,9
"867",2020-09-01,"Misiones","Libertador General San Martín",70,140,"septiembre",2020,9
"868",2021-04-01,"Misiones","Eldorado",70,140,"abril",2021,4
"869",2021-09-01,"Misiones","Iguazú",70,140,"septiembre",2021,9
"870",2021-12-01,"Misiones","Libertador General San Martín",70,140,"diciembre",2021,12
"871",2020-09-01,"Misiones","Cainguás",71,142,"septiembre",2020,9
"872",2020-03-01,"Misiones","General Manuel Belgrano",72,144,"marzo",2020,3
"873",2020-04-01,"Misiones","General Manuel Belgrano",72,144,"abril",2020,4
"874",2020-05-01,"Misiones","General Manuel Belgrano",72,144,"mayo",2020,5
"875",2020-06-01,"Misiones","General Manuel Belgrano",72,144,"junio",2020,6
"876",2020-08-01,"Misiones","Cainguás",72,144,"agosto",2020,8
"877",2020-10-01,"Misiones","Cainguás",72,144,"octubre",2020,10
"878",2020-11-01,"Misiones","Cainguás",72,144,"noviembre",2020,11
"879",2020-11-01,"Misiones","General Manuel Belgrano",72,144,"noviembre",2020,11
"880",2021-05-01,"Misiones","Apóstoles",72,144,"mayo",2021,5
"881",2021-06-01,"Misiones","Apóstoles",72,144,"junio",2021,6
"882",2021-11-01,"Misiones","Candelaria",72,144,"noviembre",2021,11
"883",2020-10-01,"Misiones","General Manuel Belgrano",73,146,"octubre",2020,10
"884",2021-07-01,"Misiones","Apóstoles",73,146,"julio",2021,7
"885",2021-08-01,"Misiones","Apóstoles",73,146,"agosto",2021,8
"886",2021-10-01,"Misiones","Apóstoles",73,146,"octubre",2021,10
"887",2021-11-01,"Misiones","Iguazú",73,146,"noviembre",2021,11
"888",2021-12-01,"Misiones","Iguazú",73,146,"diciembre",2021,12
"889",2020-07-01,"Misiones","General Manuel Belgrano",74,148,"julio",2020,7
"890",2020-12-01,"Misiones","Cainguás",74,148,"diciembre",2020,12
"891",2021-04-01,"Misiones","Guaraní",74,148,"abril",2021,4
"892",2021-09-01,"Misiones","Apóstoles",74,148,"septiembre",2021,9
"893",2021-10-01,"Misiones","Iguazú",74,148,"octubre",2021,10
"894",2021-12-01,"Misiones","Candelaria",74,148,"diciembre",2021,12
"895",2020-08-01,"Misiones","General Manuel Belgrano",75,150,"agosto",2020,8
"896",2020-09-01,"Misiones","General Manuel Belgrano",75,150,"septiembre",2020,9
"897",2021-07-01,"Misiones","Eldorado",75,150,"julio",2021,7
"898",2021-04-01,"Misiones","Eldorado",76,152,"abril",2021,4
"899",2021-08-01,"Misiones","Eldorado",77,154,"agosto",2021,8
"900",2021-09-01,"Misiones","Eldorado",77,154,"septiembre",2021,9
"901",2021-10-01,"Misiones","Eldorado",77,154,"octubre",2021,10
"902",2020-10-01,"Misiones","Cainguás",78,156,"octubre",2020,10
"903",2020-11-01,"Misiones","Cainguás",78,156,"noviembre",2020,11
"904",2021-11-01,"Misiones","Eldorado",78,156,"noviembre",2021,11
"905",2020-03-01,"Misiones","Apóstoles",81,162,"marzo",2020,3
"906",2020-04-01,"Misiones","Apóstoles",81,162,"abril",2020,4
"907",2020-05-01,"Misiones","Apóstoles",81,162,"mayo",2020,5
"908",2020-06-01,"Misiones","Apóstoles",81,162,"junio",2020,6
"909",2020-07-01,"Misiones","Apóstoles",81,162,"julio",2020,7
"910",2020-08-01,"Misiones","Apóstoles",81,162,"agosto",2020,8
"911",2020-09-01,"Misiones","Apóstoles",81,162,"septiembre",2020,9
"912",2021-11-01,"Misiones","Libertador General San Martín",81,162,"noviembre",2021,11
"913",2021-01-01,"Misiones","Cainguás",82,164,"enero",2021,1
"914",2021-05-01,"Misiones","Eldorado",82,164,"mayo",2021,5
"915",2021-06-01,"Misiones","Eldorado",82,164,"junio",2021,6
"916",2021-05-01,"Misiones","Oberá",83,166,"mayo",2021,5
"917",2021-08-01,"Misiones","Eldorado",83,166,"agosto",2021,8
"918",2021-09-01,"Misiones","Eldorado",83,166,"septiembre",2021,9
"919",2021-06-01,"Misiones","Oberá",84,168,"junio",2021,6
"920",2020-03-01,"Misiones","Montecarlo",85,170,"marzo",2020,3
"921",2021-05-01,"Misiones","Eldorado",85,170,"mayo",2021,5
"922",2021-05-01,"Misiones","Libertador General San Martín",85,170,"mayo",2021,5
"923",2021-06-01,"Misiones","Eldorado",85,170,"junio",2021,6
"924",2021-06-01,"Misiones","Libertador General San Martín",85,170,"junio",2021,6
"925",2021-07-01,"Misiones","Eldorado",85,170,"julio",2021,7
"926",2021-10-01,"Misiones","Eldorado",85,170,"octubre",2021,10
"927",2020-04-01,"Misiones","Montecarlo",86,172,"abril",2020,4
"928",2020-05-01,"Misiones","Montecarlo",86,172,"mayo",2020,5
"929",2021-11-01,"Misiones","Apóstoles",86,172,"noviembre",2021,11
"930",2021-11-01,"Misiones","Eldorado",86,172,"noviembre",2021,11
"931",2021-12-01,"Misiones","Cainguás",86,172,"diciembre",2021,12
"932",2020-06-01,"Misiones","Montecarlo",87,174,"junio",2020,6
"933",2020-12-01,"Misiones","Cainguás",87,174,"diciembre",2020,12
"934",2021-12-01,"Misiones","Eldorado",87,174,"diciembre",2021,12
"935",2020-07-01,"Misiones","Montecarlo",88,176,"julio",2020,7
"936",2020-08-01,"Misiones","Montecarlo",88,176,"agosto",2020,8
"937",2020-09-01,"Misiones","Montecarlo",88,176,"septiembre",2020,9
"938",2021-12-01,"Misiones","Apóstoles",88,176,"diciembre",2021,12
"939",2020-10-01,"Misiones","Montecarlo",89,178,"octubre",2020,10
"940",2020-11-01,"Misiones","Montecarlo",89,178,"noviembre",2020,11
"941",2021-05-01,"Misiones","Guaraní",89,178,"mayo",2021,5
"942",2021-06-01,"Misiones","Guaraní",89,178,"junio",2021,6
"943",2021-05-01,"Misiones","Eldorado",91,182,"mayo",2021,5
"944",2021-06-01,"Misiones","Eldorado",91,182,"junio",2021,6
"945",2021-12-01,"Misiones","Libertador General San Martín",91,182,"diciembre",2021,12
"946",2021-01-01,"Misiones","San Javier",92,184,"enero",2021,1
"947",2021-02-01,"Misiones","Cainguás",92,184,"febrero",2021,2
"948",2021-10-01,"Misiones","Oberá",95,190,"octubre",2021,10
"949",2021-03-01,"Misiones","Cainguás",96,192,"marzo",2021,3
"950",2021-08-01,"Misiones","Oberá",96,192,"agosto",2021,8
"951",2021-09-01,"Misiones","Oberá",96,192,"septiembre",2021,9
"952",2021-07-01,"Misiones","Oberá",97,194,"julio",2021,7
"953",2020-10-01,"Misiones","Libertador General San Martín",98,196,"octubre",2020,10
"954",2020-11-01,"Misiones","Libertador General San Martín",98,196,"noviembre",2020,11
"955",2021-10-01,"Misiones","Eldorado",99,198,"octubre",2021,10
"956",2021-11-01,"Misiones","Eldorado",99,198,"noviembre",2021,11
"957",2020-11-01,"Misiones","Oberá",102,204,"noviembre",2020,11
"958",2021-07-01,"Misiones","Eldorado",102,204,"julio",2021,7
"959",2021-08-01,"Misiones","Eldorado",102,204,"agosto",2021,8
"960",2021-09-01,"Misiones","Eldorado",102,204,"septiembre",2021,9
"961",2020-10-01,"Misiones","Apóstoles",103,206,"octubre",2020,10
"962",2020-10-01,"Misiones","Oberá",103,206,"octubre",2020,10
"963",2020-11-01,"Misiones","Apóstoles",103,206,"noviembre",2020,11
"964",2020-09-01,"Misiones","Oberá",106,212,"septiembre",2020,9
"965",2020-12-01,"Misiones","Oberá",106,212,"diciembre",2020,12
"966",2021-04-01,"Misiones","Cainguás",106,212,"abril",2021,4
"967",2021-11-01,"Misiones","Oberá",106,212,"noviembre",2021,11
"968",2020-08-01,"Misiones","Oberá",107,214,"agosto",2020,8
"969",2020-04-01,"Misiones","Leandro N. Alem",108,216,"abril",2020,4
"970",2020-05-01,"Misiones","Leandro N. Alem",108,216,"mayo",2020,5
"971",2020-06-01,"Misiones","Leandro N. Alem",108,216,"junio",2020,6
"972",2020-07-01,"Misiones","Leandro N. Alem",108,216,"julio",2020,7
"973",2020-07-01,"Misiones","Oberá",108,216,"julio",2020,7
"974",2020-03-01,"Misiones","Leandro N. Alem",109,218,"marzo",2020,3
"975",2020-12-01,"Misiones","General Manuel Belgrano",109,218,"diciembre",2020,12
"976",2020-12-01,"Misiones","Apóstoles",110,220,"diciembre",2020,12
"977",2020-12-01,"Misiones","Montecarlo",110,220,"diciembre",2020,12
"978",2021-12-01,"Misiones","Eldorado",110,220,"diciembre",2021,12
"979",2020-03-01,"Misiones","Oberá",111,222,"marzo",2020,3
"980",2020-04-01,"Misiones","Oberá",111,222,"abril",2020,4
"981",2020-05-01,"Misiones","Oberá",111,222,"mayo",2020,5
"982",2020-06-01,"Misiones","Oberá",111,222,"junio",2020,6
"983",2021-01-01,"Misiones","Oberá",114,228,"enero",2021,1
"984",2021-08-01,"Misiones","Libertador General San Martín",114,228,"agosto",2021,8
"985",2021-09-01,"Misiones","Libertador General San Martín",114,228,"septiembre",2021,9
"986",2021-07-01,"Misiones","Libertador General San Martín",115,230,"julio",2021,7
"987",2021-01-01,"Misiones","Montecarlo",116,232,"enero",2021,1
"988",2021-10-01,"Misiones","Libertador General San Martín",116,232,"octubre",2021,10
"989",2021-12-01,"Misiones","Eldorado",116,232,"diciembre",2021,12
"990",2020-09-01,"Misiones","Leandro N. Alem",120,240,"septiembre",2020,9
"991",2020-08-01,"Misiones","Leandro N. Alem",121,242,"agosto",2020,8
"992",2021-11-01,"Misiones","Libertador General San Martín",121,242,"noviembre",2021,11
"993",2021-12-01,"Misiones","Montecarlo",121,242,"diciembre",2021,12
"994",2021-02-01,"Misiones","Oberá",122,244,"febrero",2021,2
"995",2021-12-01,"Misiones","Libertador General San Martín",122,244,"diciembre",2021,12
"996",2021-01-01,"Misiones","Apóstoles",123,246,"enero",2021,1
"997",2020-12-01,"Misiones","Libertador General San Martín",124,248,"diciembre",2020,12
"998",2021-02-01,"Misiones","San Javier",126,252,"febrero",2021,2
"999",2021-03-01,"Misiones","San Javier",126,252,"marzo",2021,3
"1000",2021-01-01,"Misiones","Cainguás",129,258,"enero",2021,1
"1001",2021-02-01,"Misiones","Montecarlo",129,258,"febrero",2021,2
"1002",2020-07-01,"Misiones","San Ignacio",131,262,"julio",2020,7
"1003",2021-03-01,"Misiones","Montecarlo",131,262,"marzo",2021,3
"1004",2021-05-01,"Misiones","Cainguás",132,264,"mayo",2021,5
"1005",2021-06-01,"Misiones","Cainguás",132,264,"junio",2021,6
"1006",2021-09-01,"Misiones","Guaraní",133,266,"septiembre",2021,9
"1007",2021-02-01,"Misiones","Apóstoles",134,268,"febrero",2021,2
"1008",2021-03-01,"Misiones","Apóstoles",134,268,"marzo",2021,3
"1009",2021-08-01,"Misiones","Guaraní",134,268,"agosto",2021,8
"1010",2021-10-01,"Misiones","Guaraní",134,268,"octubre",2021,10
"1011",2021-01-01,"Misiones","General Manuel Belgrano",135,270,"enero",2021,1
"1012",2021-07-01,"Misiones","Guaraní",136,272,"julio",2021,7
"1013",2020-04-01,"Misiones","San Ignacio",138,276,"abril",2020,4
"1014",2020-03-01,"Misiones","San Ignacio",139,278,"marzo",2020,3
"1015",2020-05-01,"Misiones","San Ignacio",139,278,"mayo",2020,5
"1016",2020-06-01,"Misiones","San Ignacio",139,278,"junio",2020,6
"1017",2020-07-01,"Misiones","Iguazú",140,280,"julio",2020,7
"1018",2020-08-01,"Misiones","Iguazú",142,284,"agosto",2020,8
"1019",2020-10-01,"Misiones","Iguazú",142,284,"octubre",2020,10
"1020",2020-11-01,"Misiones","Iguazú",142,284,"noviembre",2020,11
"1021",2021-02-01,"Misiones","General Manuel Belgrano",142,284,"febrero",2021,2
"1022",2021-03-01,"Misiones","General Manuel Belgrano",142,284,"marzo",2021,3
"1023",2020-08-01,"Misiones","San Ignacio",144,288,"agosto",2020,8
"1024",2020-09-01,"Misiones","San Ignacio",145,290,"septiembre",2020,9
"1025",2020-07-01,"Misiones","Candelaria",147,294,"julio",2020,7
"1026",2020-11-01,"Misiones","Leandro N. Alem",147,294,"noviembre",2020,11
"1027",2021-04-01,"Misiones","Apóstoles",147,294,"abril",2021,4
"1028",2020-10-01,"Misiones","Leandro N. Alem",148,296,"octubre",2020,10
"1029",2020-05-01,"Misiones","Iguazú",149,298,"mayo",2020,5
"1030",2020-06-01,"Misiones","Iguazú",149,298,"junio",2020,6
"1031",2020-09-01,"Misiones","Iguazú",149,298,"septiembre",2020,9
"1032",2021-03-01,"Misiones","Oberá",149,298,"marzo",2021,3
"1033",2020-03-01,"Misiones","Iguazú",150,300,"marzo",2020,3
"1034",2020-04-01,"Misiones","Iguazú",150,300,"abril",2020,4
"1035",2021-04-01,"Misiones","Montecarlo",150,300,"abril",2021,4
"1036",2020-09-01,"Misiones","Candelaria",153,306,"septiembre",2020,9
"1037",2021-01-01,"Misiones","Libertador General San Martín",153,306,"enero",2021,1
"1038",2021-04-01,"Misiones","San Javier",153,306,"abril",2021,4
"1039",2020-03-01,"Misiones","Candelaria",154,308,"marzo",2020,3
"1040",2020-05-01,"Misiones","Candelaria",154,308,"mayo",2020,5
"1041",2020-04-01,"Misiones","Candelaria",155,310,"abril",2020,4
"1042",2020-06-01,"Misiones","Candelaria",156,312,"junio",2020,6
"1043",2020-08-01,"Misiones","Candelaria",156,312,"agosto",2020,8
"1044",2021-05-01,"Misiones","San Javier",157,314,"mayo",2021,5
"1045",2021-06-01,"Misiones","San Javier",157,314,"junio",2021,6
"1046",2021-03-01,"Misiones","Libertador General San Martín",158,316,"marzo",2021,3
"1047",2021-02-01,"Misiones","Libertador General San Martín",159,318,"febrero",2021,2
"1048",2021-04-01,"Misiones","Oberá",159,318,"abril",2021,4
"1049",2021-05-01,"Misiones","Apóstoles",161,322,"mayo",2021,5
"1050",2021-02-01,"Misiones","Cainguás",164,328,"febrero",2021,2
"1051",2021-03-01,"Misiones","Cainguás",164,328,"marzo",2021,3
"1052",2021-06-01,"Misiones","Apóstoles",164,328,"junio",2021,6
"1053",2020-07-01,"Misiones","Guaraní",166,332,"julio",2020,7
"1054",2020-12-01,"Misiones","Leandro N. Alem",167,334,"diciembre",2020,12
"1055",2020-04-01,"Misiones","Guaraní",169,338,"abril",2020,4
"1056",2020-05-01,"Misiones","Guaraní",169,338,"mayo",2020,5
"1057",2020-06-01,"Misiones","Guaraní",169,338,"junio",2020,6
"1058",2020-10-01,"Misiones","Candelaria",169,338,"octubre",2020,10
"1059",2020-11-01,"Misiones","Candelaria",169,338,"noviembre",2020,11
"1060",2020-03-01,"Misiones","Guaraní",170,340,"marzo",2020,3
"1061",2020-10-01,"Misiones","San Ignacio",170,340,"octubre",2020,10
"1062",2020-11-01,"Misiones","San Ignacio",170,340,"noviembre",2020,11
"1063",2020-12-01,"Misiones","Iguazú",173,346,"diciembre",2020,12
"1064",2021-04-01,"Misiones","General Manuel Belgrano",176,352,"abril",2021,4
"1065",2021-07-01,"Misiones","Apóstoles",176,352,"julio",2021,7
"1066",2021-10-01,"Misiones","Apóstoles",176,352,"octubre",2021,10
"1067",2021-08-01,"Misiones","Apóstoles",177,354,"agosto",2021,8
"1068",2021-09-01,"Misiones","Apóstoles",177,354,"septiembre",2021,9
"1069",2021-01-01,"Misiones","Iguazú",180,360,"enero",2021,1
"1070",2020-12-01,"Misiones","San Ignacio",182,364,"diciembre",2020,12
"1071",2021-11-01,"Misiones","Apóstoles",183,366,"noviembre",2021,11
"1072",2021-12-01,"Misiones","Oberá",183,366,"diciembre",2021,12
"1073",2020-12-01,"Misiones","Candelaria",185,370,"diciembre",2020,12
"1074",2021-02-01,"Misiones","Iguazú",186,372,"febrero",2021,2
"1075",2021-03-01,"Misiones","Iguazú",186,372,"marzo",2021,3
"1076",2021-12-01,"Misiones","Apóstoles",186,372,"diciembre",2021,12
"1077",2020-07-01,"Misiones","General Manuel Belgrano",191,382,"julio",2020,7
"1078",2021-04-01,"Misiones","Cainguás",192,384,"abril",2021,4
"1079",2021-04-01,"Misiones","Libertador General San Martín",192,384,"abril",2021,4
"1080",2020-03-01,"Misiones","General Manuel Belgrano",193,386,"marzo",2020,3
"1081",2020-04-01,"Misiones","General Manuel Belgrano",193,386,"abril",2020,4
"1082",2020-05-01,"Misiones","General Manuel Belgrano",193,386,"mayo",2020,5
"1083",2020-06-01,"Misiones","General Manuel Belgrano",193,386,"junio",2020,6
"1084",2021-11-01,"Misiones","Guaraní",193,386,"noviembre",2021,11
"1085",2021-04-01,"Misiones","Iguazú",194,388,"abril",2021,4
"1086",2020-09-01,"Misiones","General Manuel Belgrano",195,390,"septiembre",2020,9
"1087",2020-08-01,"Misiones","General Manuel Belgrano",196,392,"agosto",2020,8
"1088",2021-12-01,"Misiones","Guaraní",201,402,"diciembre",2021,12
"1089",2021-01-01,"Misiones","San Ignacio",204,408,"enero",2021,1
"1090",2021-05-01,"Misiones","Montecarlo",205,410,"mayo",2021,5
"1091",2021-06-01,"Misiones","Montecarlo",206,412,"junio",2021,6
"1092",2021-06-01,"Misiones","Libertador General San Martín",209,418,"junio",2021,6
"1093",2021-05-01,"Misiones","Libertador General San Martín",210,420,"mayo",2021,5
"1094",2021-05-01,"Misiones","Oberá",210,420,"mayo",2021,5
"1095",2021-06-01,"Misiones","Oberá",210,420,"junio",2021,6
"1096",2021-01-01,"Misiones","Leandro N. Alem",211,422,"enero",2021,1
"1097",2021-05-01,"Misiones","Cainguás",211,422,"mayo",2021,5
"1098",2021-06-01,"Misiones","Cainguás",215,430,"junio",2021,6
"1099",2021-08-01,"Misiones","Oberá",216,432,"agosto",2021,8
"1100",2021-09-01,"Misiones","Oberá",216,432,"septiembre",2021,9
"1101",2021-02-01,"Misiones","Leandro N. Alem",217,434,"febrero",2021,2
"1102",2021-02-01,"Misiones","San Ignacio",217,434,"febrero",2021,2
"1103",2021-03-01,"Misiones","San Ignacio",217,434,"marzo",2021,3
"1104",2021-07-01,"Misiones","Oberá",217,434,"julio",2021,7
"1105",2021-10-01,"Misiones","Oberá",217,434,"octubre",2021,10
"1106",2021-03-01,"Misiones","Leandro N. Alem",218,436,"marzo",2021,3
"1107",2021-11-01,"Misiones","Oberá",221,442,"noviembre",2021,11
"1108",2021-07-01,"Misiones","Montecarlo",224,448,"julio",2021,7
"1109",2020-11-01,"Misiones","General Manuel Belgrano",226,452,"noviembre",2020,11
"1110",2020-07-01,"Misiones","Iguazú",227,454,"julio",2020,7
"1111",2020-10-01,"Misiones","General Manuel Belgrano",227,454,"octubre",2020,10
"1112",2021-05-01,"Misiones","Iguazú",227,454,"mayo",2021,5
"1113",2021-07-01,"Misiones","Cainguás",227,454,"julio",2021,7
"1114",2021-09-01,"Misiones","Montecarlo",227,454,"septiembre",2021,9
"1115",2021-08-01,"Misiones","Montecarlo",228,456,"agosto",2021,8
"1116",2020-03-01,"Misiones","Iguazú",229,458,"marzo",2020,3
"1117",2020-04-01,"Misiones","Iguazú",229,458,"abril",2020,4
"1118",2020-05-01,"Misiones","Iguazú",229,458,"mayo",2020,5
"1119",2020-06-01,"Misiones","Iguazú",229,458,"junio",2020,6
"1120",2021-06-01,"Misiones","Iguazú",229,458,"junio",2021,6
"1121",2021-11-01,"Misiones","Cainguás",229,458,"noviembre",2021,11
"1122",2021-08-01,"Misiones","Cainguás",230,460,"agosto",2021,8
"1123",2021-09-01,"Misiones","Cainguás",230,460,"septiembre",2021,9
"1124",2021-10-01,"Misiones","Cainguás",230,460,"octubre",2021,10
"1125",2021-10-01,"Misiones","Montecarlo",230,460,"octubre",2021,10
"1126",2021-11-01,"Misiones","Montecarlo",230,460,"noviembre",2021,11
"1127",2021-01-01,"Misiones","Candelaria",232,464,"enero",2021,1
"1128",2021-08-01,"Misiones","Iguazú",235,470,"agosto",2021,8
"1129",2021-04-01,"Misiones","Leandro N. Alem",236,472,"abril",2021,4
"1130",2021-12-01,"Misiones","Oberá",236,472,"diciembre",2021,12
"1131",2021-07-01,"Misiones","Iguazú",237,474,"julio",2021,7
"1132",2021-10-01,"Misiones","Iguazú",237,474,"octubre",2021,10
"1133",2021-09-01,"Misiones","Iguazú",238,476,"septiembre",2021,9
"1134",2021-11-01,"Misiones","Iguazú",238,476,"noviembre",2021,11
"1135",2021-12-01,"Misiones","Iguazú",238,476,"diciembre",2021,12
"1136",2021-04-01,"Misiones","San Ignacio",240,480,"abril",2021,4
"1137",2021-12-01,"Misiones","Cainguás",244,488,"diciembre",2021,12
"1138",2021-08-01,"Misiones","San Javier",245,490,"agosto",2021,8
"1139",2021-07-01,"Misiones","San Javier",249,498,"julio",2021,7
"1140",2021-09-01,"Misiones","San Javier",250,500,"septiembre",2021,9
"1141",2020-03-01,"Misiones","General Manuel Belgrano",252,504,"marzo",2020,3
"1142",2020-04-01,"Misiones","General Manuel Belgrano",253,506,"abril",2020,4
"1143",2021-02-01,"Misiones","Candelaria",253,506,"febrero",2021,2
"1144",2020-05-01,"Misiones","General Manuel Belgrano",254,508,"mayo",2020,5
"1145",2021-03-01,"Misiones","Candelaria",254,508,"marzo",2021,3
"1146",2021-05-01,"Misiones","General Manuel Belgrano",257,514,"mayo",2021,5
"1147",2021-06-01,"Misiones","General Manuel Belgrano",257,514,"junio",2021,6
"1148",2020-07-01,"Misiones","General Manuel Belgrano",259,518,"julio",2020,7
"1149",2020-06-01,"Misiones","General Manuel Belgrano",260,520,"junio",2020,6
"1150",2020-08-01,"Misiones","General Manuel Belgrano",261,522,"agosto",2020,8
"1151",2020-09-01,"Misiones","General Manuel Belgrano",261,522,"septiembre",2020,9
"1152",2021-07-01,"Misiones","Cainguás",262,524,"julio",2021,7
"1153",2021-08-01,"Misiones","Cainguás",263,526,"agosto",2021,8
"1154",2021-09-01,"Misiones","Cainguás",265,530,"septiembre",2021,9
"1155",2021-10-01,"Misiones","San Javier",265,530,"octubre",2021,10
"1156",2021-12-01,"Misiones","Montecarlo",265,530,"diciembre",2021,12
"1157",2021-11-01,"Misiones","Cainguás",266,532,"noviembre",2021,11
"1158",2020-12-01,"Misiones","General Manuel Belgrano",270,540,"diciembre",2020,12
"1159",2021-05-01,"Misiones","Leandro N. Alem",272,544,"mayo",2021,5
"1160",2021-10-01,"Misiones","Cainguás",272,544,"octubre",2021,10
"1161",2020-08-01,"Misiones","Iguazú",273,546,"agosto",2020,8
"1162",2020-10-01,"Misiones","General Manuel Belgrano",273,546,"octubre",2020,10
"1163",2020-11-01,"Misiones","General Manuel Belgrano",273,546,"noviembre",2020,11
"1164",2021-04-01,"Misiones","Candelaria",274,548,"abril",2021,4
"1165",2021-05-01,"Misiones","San Ignacio",274,548,"mayo",2021,5
"1166",2021-06-01,"Misiones","Leandro N. Alem",274,548,"junio",2021,6
"1167",2021-06-01,"Misiones","San Ignacio",275,550,"junio",2021,6
"1168",2020-09-01,"Misiones","Iguazú",276,552,"septiembre",2020,9
"1169",2021-07-01,"Misiones","Libertador General San Martín",279,558,"julio",2021,7
"1170",2021-12-01,"Misiones","Cainguás",279,558,"diciembre",2021,12
"1171",2021-07-01,"Misiones","San Ignacio",283,566,"julio",2021,7
"1172",2021-08-01,"Misiones","Libertador General San Martín",287,574,"agosto",2021,8
"1173",2021-09-01,"Misiones","Libertador General San Martín",287,574,"septiembre",2021,9
"1174",2021-08-01,"Misiones","San Ignacio",288,576,"agosto",2021,8
"1175",2021-09-01,"Misiones","San Ignacio",289,578,"septiembre",2021,9
"1176",2021-11-01,"Misiones","San Javier",291,582,"noviembre",2021,11
"1177",2021-10-01,"Misiones","San Ignacio",297,594,"octubre",2021,10
"1178",2021-10-01,"Misiones","Libertador General San Martín",302,604,"octubre",2021,10
"1179",2020-08-01,"Misiones","Guaraní",307,614,"agosto",2020,8
"1180",2020-09-01,"Misiones","Guaraní",307,614,"septiembre",2020,9
"1181",2021-12-01,"Misiones","San Javier",307,614,"diciembre",2021,12
"1182",2020-07-01,"Misiones","San Ignacio",310,620,"julio",2020,7
"1183",2020-04-01,"Misiones","San Ignacio",311,622,"abril",2020,4
"1184",2020-05-01,"Misiones","San Ignacio",311,622,"mayo",2020,5
"1185",2020-03-01,"Misiones","San Ignacio",312,624,"marzo",2020,3
"1186",2021-05-01,"Misiones","Candelaria",312,624,"mayo",2021,5
"1187",2020-06-01,"Misiones","San Ignacio",314,628,"junio",2020,6
"1188",2021-06-01,"Misiones","Candelaria",319,638,"junio",2021,6
"1189",2020-11-01,"Misiones","Iguazú",325,650,"noviembre",2020,11
"1190",2020-10-01,"Misiones","Iguazú",327,654,"octubre",2020,10
"1191",2021-01-01,"Misiones","General Manuel Belgrano",327,654,"enero",2021,1
"1192",2021-11-01,"Misiones","San Ignacio",332,664,"noviembre",2021,11
"1193",2021-02-01,"Misiones","General Manuel Belgrano",333,666,"febrero",2021,2
"1194",2021-03-01,"Misiones","General Manuel Belgrano",333,666,"marzo",2021,3
"1195",2021-10-01,"Misiones","Leandro N. Alem",334,668,"octubre",2021,10
"1196",2021-07-01,"Misiones","Leandro N. Alem",335,670,"julio",2021,7
"1197",2021-08-01,"Misiones","Leandro N. Alem",335,670,"agosto",2021,8
"1198",2021-09-01,"Misiones","Leandro N. Alem",335,670,"septiembre",2021,9
"1199",2021-12-01,"Misiones","San Ignacio",337,674,"diciembre",2021,12
"1200",2021-08-01,"Misiones","General Manuel Belgrano",338,676,"agosto",2021,8
"1201",2021-09-01,"Misiones","General Manuel Belgrano",338,676,"septiembre",2021,9
"1202",2021-07-01,"Misiones","General Manuel Belgrano",339,678,"julio",2021,7
"1203",2020-12-01,"Misiones","General Manuel Belgrano",340,680,"diciembre",2020,12
"1204",2021-04-01,"Misiones","General Manuel Belgrano",340,680,"abril",2021,4
"1205",2021-10-01,"Misiones","General Manuel Belgrano",341,682,"octubre",2021,10
"1206",2020-08-01,"Misiones","San Ignacio",342,684,"agosto",2020,8
"1207",2020-09-01,"Misiones","San Ignacio",342,684,"septiembre",2020,9
"1208",2021-09-01,"Misiones","Candelaria",342,684,"septiembre",2021,9
"1209",2021-08-01,"Misiones","Candelaria",343,686,"agosto",2021,8
"1210",2021-07-01,"Misiones","Candelaria",344,688,"julio",2021,7
"1211",2021-10-01,"Misiones","Candelaria",344,688,"octubre",2021,10
"1212",2021-11-01,"Misiones","Libertador General San Martín",344,688,"noviembre",2021,11
"1213",2020-07-01,"Misiones","Iguazú",347,694,"julio",2020,7
"1214",2020-06-01,"Misiones","Iguazú",348,696,"junio",2020,6
"1215",2020-04-01,"Misiones","Iguazú",349,698,"abril",2020,4
"1216",2020-03-01,"Misiones","Iguazú",350,700,"marzo",2020,3
"1217",2020-05-01,"Misiones","Iguazú",350,700,"mayo",2020,5
"1218",2020-07-01,"Misiones","San Ignacio",352,704,"julio",2020,7
"1219",2021-11-01,"Misiones","Candelaria",358,716,"noviembre",2021,11
"1220",2021-12-01,"Misiones","Libertador General San Martín",363,726,"diciembre",2021,12
"1221",2020-05-01,"Misiones","San Ignacio",370,740,"mayo",2020,5
"1222",2020-03-01,"Misiones","San Ignacio",371,742,"marzo",2020,3
"1223",2020-04-01,"Misiones","San Ignacio",371,742,"abril",2020,4
"1224",2020-06-01,"Misiones","San Ignacio",371,742,"junio",2020,6
"1225",2021-01-01,"Misiones","General Manuel Belgrano",372,744,"enero",2021,1
"1226",2020-09-01,"Misiones","San Ignacio",374,748,"septiembre",2020,9
"1227",2020-08-01,"Misiones","San Ignacio",375,750,"agosto",2020,8
"1228",2021-02-01,"Misiones","General Manuel Belgrano",383,766,"febrero",2021,2
"1229",2021-03-01,"Misiones","General Manuel Belgrano",383,766,"marzo",2021,3
"1230",2021-11-01,"Misiones","Leandro N. Alem",387,774,"noviembre",2021,11
"1231",2021-07-01,"Misiones","General Manuel Belgrano",393,786,"julio",2021,7
"1232",2021-04-01,"Misiones","General Manuel Belgrano",394,788,"abril",2021,4
"1233",2021-08-01,"Misiones","General Manuel Belgrano",395,790,"agosto",2021,8
"1234",2021-05-01,"Misiones","General Manuel Belgrano",402,804,"mayo",2021,5
"1235",2021-11-01,"Misiones","General Manuel Belgrano",402,804,"noviembre",2021,11
"1236",2021-09-01,"Misiones","General Manuel Belgrano",403,806,"septiembre",2021,9
"1237",2021-06-01,"Misiones","General Manuel Belgrano",405,810,"junio",2021,6
"1238",2020-12-01,"Misiones","Iguazú",407,814,"diciembre",2020,12
"1239",2021-05-01,"Misiones","General Manuel Belgrano",407,814,"mayo",2021,5
"1240",2021-06-01,"Misiones","General Manuel Belgrano",407,814,"junio",2021,6
"1241",2021-11-01,"Misiones","General Manuel Belgrano",412,824,"noviembre",2021,11
"1242",2021-12-01,"Misiones","General Manuel Belgrano",412,824,"diciembre",2021,12
"1243",2020-11-01,"Misiones","San Ignacio",414,828,"noviembre",2020,11
"1244",2021-10-01,"Misiones","General Manuel Belgrano",414,828,"octubre",2021,10
"1245",2021-12-01,"Misiones","Candelaria",414,828,"diciembre",2021,12
"1246",2020-10-01,"Misiones","San Ignacio",415,830,"octubre",2020,10
"1247",2020-12-01,"Misiones","San Ignacio",419,838,"diciembre",2020,12
"1248",2021-08-01,"Misiones","General Manuel Belgrano",420,840,"agosto",2021,8
"1249",2021-09-01,"Misiones","General Manuel Belgrano",420,840,"septiembre",2021,9
"1250",2020-10-01,"Misiones","San Ignacio",423,846,"octubre",2020,10
"1251",2020-11-01,"Misiones","San Ignacio",423,846,"noviembre",2020,11
"1252",2021-10-01,"Misiones","General Manuel Belgrano",423,846,"octubre",2021,10
"1253",2021-07-01,"Misiones","General Manuel Belgrano",424,848,"julio",2021,7
"1254",2020-12-01,"Misiones","San Ignacio",429,858,"diciembre",2020,12
"1255",2021-12-01,"Misiones","Leandro N. Alem",430,860,"diciembre",2021,12
"1256",2021-01-01,"Misiones","San Ignacio",445,890,"enero",2021,1
"1257",2021-01-01,"Misiones","San Ignacio",465,930,"enero",2021,1
"1258",2021-07-01,"Misiones","San Ignacio",469,938,"julio",2021,7
"1259",2020-08-01,"Misiones","Iguazú",470,940,"agosto",2020,8
"1260",2020-09-01,"Misiones","Iguazú",471,942,"septiembre",2020,9
"1261",2021-02-01,"Misiones","San Ignacio",471,942,"febrero",2021,2
"1262",2021-11-01,"Misiones","General Manuel Belgrano",471,942,"noviembre",2021,11
"1263",2021-01-01,"Misiones","Iguazú",473,946,"enero",2021,1
"1264",2021-03-01,"Misiones","San Ignacio",476,952,"marzo",2021,3
"1265",2021-08-01,"Misiones","San Ignacio",479,958,"agosto",2021,8
"1266",2021-09-01,"Misiones","San Ignacio",484,968,"septiembre",2021,9
"1267",2021-10-01,"Misiones","San Ignacio",486,972,"octubre",2021,10
"1268",2021-02-01,"Misiones","San Ignacio",490,980,"febrero",2021,2
"1269",2021-04-01,"Misiones","San Ignacio",490,980,"abril",2021,4
"1270",2021-03-01,"Misiones","San Ignacio",492,984,"marzo",2021,3
"1271",2021-05-01,"Misiones","San Ignacio",498,996,"mayo",2021,5
"1272",2020-07-01,"Misiones","Montecarlo",503,1006,"julio",2020,7
"1273",2020-03-01,"Misiones","Montecarlo",504,1008,"marzo",2020,3
"1274",2020-04-01,"Misiones","Montecarlo",504,1008,"abril",2020,4
"1275",2020-05-01,"Misiones","Montecarlo",504,1008,"mayo",2020,5
"1276",2021-12-01,"Misiones","General Manuel Belgrano",504,1008,"diciembre",2021,12
"1277",2020-06-01,"Misiones","Montecarlo",505,1010,"junio",2020,6
"1278",2021-06-01,"Misiones","San Ignacio",505,1010,"junio",2021,6
"1279",2021-04-01,"Misiones","San Ignacio",512,1024,"abril",2021,4
"1280",2021-02-01,"Misiones","Iguazú",526,1052,"febrero",2021,2
"1281",2021-03-01,"Misiones","Iguazú",527,1054,"marzo",2021,3
"1282",2021-04-01,"Misiones","Iguazú",532,1064,"abril",2021,4
"1283",2021-11-01,"Misiones","San Ignacio",535,1070,"noviembre",2021,11
"1284",2021-12-01,"Misiones","San Ignacio",539,1078,"diciembre",2021,12
"1285",2020-11-01,"Misiones","Guaraní",542,1084,"noviembre",2020,11
"1286",2020-10-01,"Misiones","Guaraní",544,1088,"octubre",2020,10
"1287",2020-07-01,"Misiones","Capital",559,1118,"julio",2020,7
"1288",2020-03-01,"Misiones","Capital",561,1122,"marzo",2020,3
"1289",2020-06-01,"Misiones","Capital",561,1122,"junio",2020,6
"1290",2020-04-01,"Misiones","Capital",562,1124,"abril",2020,4
"1291",2020-05-01,"Misiones","Capital",562,1124,"mayo",2020,5
"1292",2020-08-01,"Misiones","Capital",578,1156,"agosto",2020,8
"1293",2020-09-01,"Misiones","Capital",579,1158,"septiembre",2020,9
"1294",2021-05-01,"Misiones","Iguazú",580,1160,"mayo",2021,5
"1295",2021-12-01,"Misiones","General Manuel Belgrano",581,1162,"diciembre",2021,12
"1296",2021-05-01,"Misiones","San Ignacio",582,1164,"mayo",2021,5
"1297",2021-06-01,"Misiones","Iguazú",584,1168,"junio",2021,6
"1298",2021-06-01,"Misiones","San Ignacio",588,1176,"junio",2021,6
"1299",2020-07-01,"Misiones","San Pedro",604,1208,"julio",2020,7
"1300",2020-03-01,"Misiones","San Pedro",605,1210,"marzo",2020,3
"1301",2020-08-01,"Misiones","San Pedro",606,1212,"agosto",2020,8
"1302",2020-09-01,"Misiones","San Pedro",609,1218,"septiembre",2020,9
"1303",2020-06-01,"Misiones","San Pedro",610,1220,"junio",2020,6
"1304",2020-04-01,"Misiones","San Pedro",611,1222,"abril",2020,4
"1305",2020-05-01,"Misiones","San Pedro",611,1222,"mayo",2020,5
"1306",2020-11-01,"Misiones","San Pedro",614,1228,"noviembre",2020,11
"1307",2020-10-01,"Misiones","San Pedro",615,1230,"octubre",2020,10
"1308",2020-11-01,"Misiones","Capital",617,1234,"noviembre",2020,11
"1309",2020-10-01,"Misiones","Capital",618,1236,"octubre",2020,10
"1310",2020-08-01,"Misiones","Montecarlo",629,1258,"agosto",2020,8
"1311",2020-09-01,"Misiones","Montecarlo",630,1260,"septiembre",2020,9
"1312",2020-12-01,"Misiones","Guaraní",636,1272,"diciembre",2020,12
"1313",2020-12-01,"Misiones","Capital",647,1294,"diciembre",2020,12
"1314",2020-12-01,"Misiones","San Pedro",664,1328,"diciembre",2020,12
"1315",2021-01-01,"Misiones","Guaraní",672,1344,"enero",2021,1
"1316",2021-07-01,"Misiones","San Ignacio",674,1348,"julio",2021,7
"1317",2021-10-01,"Misiones","San Ignacio",676,1352,"octubre",2021,10
"1318",2021-08-01,"Misiones","San Ignacio",677,1354,"agosto",2021,8
"1319",2021-09-01,"Misiones","San Ignacio",678,1356,"septiembre",2021,9
"1320",2021-04-01,"Misiones","San Pedro",697,1394,"abril",2021,4
"1321",2021-01-01,"Misiones","San Pedro",702,1404,"enero",2021,1
"1322",2021-02-01,"Misiones","San Pedro",711,1422,"febrero",2021,2
"1323",2021-03-01,"Misiones","San Pedro",712,1424,"marzo",2021,3
"1324",2021-01-01,"Misiones","Capital",716,1432,"enero",2021,1
"1325",2021-02-01,"Misiones","Capital",723,1446,"febrero",2021,2
"1326",2021-03-01,"Misiones","Capital",763,1526,"marzo",2021,3
"1327",2021-04-01,"Misiones","Capital",766,1532,"abril",2021,4
"1328",2021-02-01,"Misiones","Guaraní",782,1564,"febrero",2021,2
"1329",2021-03-01,"Misiones","Guaraní",782,1564,"marzo",2021,3
"1330",2021-08-01,"Misiones","Iguazú",796,1592,"agosto",2021,8
"1331",2021-05-01,"Misiones","Capital",798,1596,"mayo",2021,5
"1332",2021-09-01,"Misiones","Iguazú",800,1600,"septiembre",2021,9
"1333",2021-06-01,"Misiones","Capital",801,1602,"junio",2021,6
"1334",2021-07-01,"Misiones","Iguazú",804,1608,"julio",2021,7
"1335",2021-05-01,"Misiones","San Pedro",818,1636,"mayo",2021,5
"1336",2021-06-01,"Misiones","San Pedro",820,1640,"junio",2021,6
"1337",2021-09-01,"Misiones","San Pedro",827,1654,"septiembre",2021,9
"1338",2021-04-01,"Misiones","Guaraní",830,1660,"abril",2021,4
"1339",2021-08-01,"Misiones","San Pedro",830,1660,"agosto",2021,8
"1340",2021-10-01,"Misiones","Iguazú",831,1662,"octubre",2021,10
"1341",2021-07-01,"Misiones","San Pedro",834,1668,"julio",2021,7
"1342",2021-10-01,"Misiones","San Pedro",836,1672,"octubre",2021,10
"1343",2021-11-01,"Misiones","San Ignacio",836,1672,"noviembre",2021,11
"1344",2020-11-01,"Misiones","Iguazú",837,1674,"noviembre",2020,11
"1345",2020-10-01,"Misiones","Iguazú",838,1676,"octubre",2020,10
"1346",2021-12-01,"Misiones","San Ignacio",839,1678,"diciembre",2021,12
"1347",2021-11-01,"Misiones","San Pedro",887,1774,"noviembre",2021,11
"1348",2021-11-01,"Misiones","Iguazú",926,1852,"noviembre",2021,11
"1349",2020-11-01,"Misiones","Montecarlo",961,1922,"noviembre",2020,11
"1350",2021-12-01,"Misiones","Iguazú",961,1922,"diciembre",2021,12
"1351",2020-10-01,"Misiones","Montecarlo",964,1928,"octubre",2020,10
"1352",2021-07-01,"Misiones","Capital",966,1932,"julio",2021,7
"1353",2021-09-01,"Misiones","Capital",970,1940,"septiembre",2021,9
"1354",2021-08-01,"Misiones","Capital",973,1946,"agosto",2021,8
"1355",2021-10-01,"Misiones","Capital",974,1948,"octubre",2021,10
"1356",2021-05-01,"Misiones","Guaraní",1033,2066,"mayo",2021,5
"1357",2021-06-01,"Misiones","Guaraní",1033,2066,"junio",2021,6
"1358",2021-11-01,"Misiones","Capital",1049,2098,"noviembre",2021,11
"1359",2021-12-01,"Misiones","Capital",1078,2156,"diciembre",2021,12
"1360",2020-03-01,"Misiones","Apóstoles",1079,2158,"marzo",2020,3
"1361",2020-04-01,"Misiones","Apóstoles",1079,2158,"abril",2020,4
"1362",2020-05-01,"Misiones","Apóstoles",1079,2158,"mayo",2020,5
"1363",2020-07-01,"Misiones","Apóstoles",1079,2158,"julio",2020,7
"1364",2020-06-01,"Misiones","Apóstoles",1080,2160,"junio",2020,6
"1365",2020-07-01,"Misiones","Oberá",1081,2162,"julio",2020,7
"1366",2020-05-01,"Misiones","Oberá",1087,2174,"mayo",2020,5
"1367",2020-06-01,"Misiones","Oberá",1087,2174,"junio",2020,6
"1368",2020-04-01,"Misiones","Oberá",1088,2176,"abril",2020,4
"1369",2020-12-01,"Misiones","Iguazú",1088,2176,"diciembre",2020,12
"1370",2020-03-01,"Misiones","Oberá",1089,2178,"marzo",2020,3
"1371",2021-12-01,"Misiones","San Pedro",1110,2220,"diciembre",2021,12
"1372",2020-09-01,"Misiones","Oberá",1132,2264,"septiembre",2020,9
"1373",2020-08-01,"Misiones","Oberá",1136,2272,"agosto",2020,8
"1374",2020-08-01,"Misiones","Apóstoles",1143,2286,"agosto",2020,8
"1375",2020-09-01,"Misiones","Apóstoles",1148,2296,"septiembre",2020,9
"1376",2021-07-01,"Misiones","Guaraní",1157,2314,"julio",2021,7
"1377",2021-09-01,"Misiones","Guaraní",1160,2320,"septiembre",2021,9
"1378",2021-08-01,"Misiones","Guaraní",1161,2322,"agosto",2021,8
"1379",2021-10-01,"Misiones","Guaraní",1218,2436,"octubre",2021,10
"1380",2020-10-01,"Misiones","Oberá",1228,2456,"octubre",2020,10
"1381",2020-11-01,"Misiones","Oberá",1228,2456,"noviembre",2020,11
"1382",2020-10-01,"Misiones","Apóstoles",1235,2470,"octubre",2020,10
"1383",2020-11-01,"Misiones","Apóstoles",1236,2472,"noviembre",2020,11
"1384",2020-12-01,"Misiones","Montecarlo",1295,2590,"diciembre",2020,12
"1385",2021-11-01,"Misiones","Guaraní",1296,2592,"noviembre",2021,11
"1386",2021-12-01,"Misiones","Guaraní",1358,2716,"diciembre",2021,12
"1387",2021-01-01,"Misiones","Iguazú",1394,2788,"enero",2021,1
"1388",2020-12-01,"Misiones","Oberá",1404,2808,"diciembre",2020,12
"1389",2021-02-01,"Misiones","Iguazú",1424,2848,"febrero",2021,2
"1390",2020-12-01,"Misiones","Apóstoles",1465,2930,"diciembre",2020,12
"1391",2021-01-01,"Misiones","Montecarlo",1468,2936,"enero",2021,1
"1392",2021-02-01,"Misiones","Montecarlo",1580,3160,"febrero",2021,2
"1393",2021-01-01,"Misiones","Oberá",1667,3334,"enero",2021,1
"1394",2021-03-01,"Misiones","Montecarlo",1697,3394,"marzo",2021,3
"1395",2021-02-01,"Misiones","Oberá",1725,3450,"febrero",2021,2
"1396",2021-01-01,"Misiones","Apóstoles",1760,3520,"enero",2021,1
"1397",2021-04-01,"Misiones","Apóstoles",1766,3532,"abril",2021,4
"1398",2021-03-01,"Misiones","Iguazú",1771,3542,"marzo",2021,3
"1399",2021-02-01,"Misiones","Apóstoles",1785,3570,"febrero",2021,2
"1400",2020-07-01,"Misiones","Eldorado",1792,3584,"julio",2020,7
"1401",2020-03-01,"Misiones","Eldorado",1793,3586,"marzo",2020,3
"1402",2020-06-01,"Misiones","Eldorado",1802,3604,"junio",2020,6
"1403",2020-05-01,"Misiones","Eldorado",1803,3606,"mayo",2020,5
"1404",2020-04-01,"Misiones","Eldorado",1805,3610,"abril",2020,4
"1405",2021-03-01,"Misiones","Oberá",1814,3628,"marzo",2021,3
"1406",2021-05-01,"Misiones","Apóstoles",1833,3666,"mayo",2021,5
"1407",2021-03-01,"Misiones","Apóstoles",1837,3674,"marzo",2021,3
"1408",2021-06-01,"Misiones","Apóstoles",1871,3742,"junio",2021,6
"1409",2021-04-01,"Misiones","Iguazú",1874,3748,"abril",2021,4
"1410",2021-04-01,"Misiones","Montecarlo",1902,3804,"abril",2021,4
"1411",2021-04-01,"Misiones","Oberá",1917,3834,"abril",2021,4
"1412",2021-09-01,"Misiones","Apóstoles",1983,3966,"septiembre",2021,9
"1413",2021-08-01,"Misiones","Apóstoles",1984,3968,"agosto",2021,8
"1414",2021-07-01,"Misiones","Apóstoles",1989,3978,"julio",2021,7
"1415",2020-09-01,"Misiones","Eldorado",1992,3984,"septiembre",2020,9
"1416",2020-08-01,"Misiones","Eldorado",1995,3990,"agosto",2020,8
"1417",2021-10-01,"Misiones","Apóstoles",1998,3996,"octubre",2021,10
"1418",2021-06-01,"Misiones","Iguazú",2063,4126,"junio",2021,6
"1419",2021-05-01,"Misiones","Iguazú",2065,4130,"mayo",2021,5
"1420",2021-11-01,"Misiones","Apóstoles",2101,4202,"noviembre",2021,11
"1421",2021-05-01,"Misiones","Oberá",2173,4346,"mayo",2021,5
"1422",2021-12-01,"Misiones","Apóstoles",2177,4354,"diciembre",2021,12
"1423",2021-06-01,"Misiones","Oberá",2205,4410,"junio",2021,6
"1424",2021-05-01,"Misiones","Montecarlo",2325,4650,"mayo",2021,5
"1425",2021-06-01,"Misiones","Montecarlo",2331,4662,"junio",2021,6
"1426",2020-11-01,"Misiones","Eldorado",2359,4718,"noviembre",2020,11
"1427",2020-10-01,"Misiones","Eldorado",2363,4726,"octubre",2020,10
"1428",2021-07-01,"Misiones","Oberá",2638,5276,"julio",2021,7
"1429",2021-08-01,"Misiones","Oberá",2648,5296,"agosto",2021,8
"1430",2021-09-01,"Misiones","Oberá",2651,5302,"septiembre",2021,9
"1431",2021-10-01,"Misiones","Oberá",2660,5320,"octubre",2021,10
"1432",2021-07-01,"Misiones","Iguazú",2689,5378,"julio",2021,7
"1433",2020-12-01,"Misiones","Eldorado",2690,5380,"diciembre",2020,12
"1434",2021-08-01,"Misiones","Iguazú",2702,5404,"agosto",2021,8
"1435",2021-09-01,"Misiones","Iguazú",2704,5408,"septiembre",2021,9
"1436",2021-10-01,"Misiones","Iguazú",2706,5412,"octubre",2021,10
"1437",2021-11-01,"Misiones","Oberá",2764,5528,"noviembre",2021,11
"1438",2021-11-01,"Misiones","Iguazú",2856,5712,"noviembre",2021,11
"1439",2021-01-01,"Misiones","Eldorado",2860,5720,"enero",2021,1
"1440",2021-12-01,"Misiones","Oberá",2891,5782,"diciembre",2021,12
"1441",2021-07-01,"Misiones","Montecarlo",2913,5826,"julio",2021,7
"1442",2021-02-01,"Misiones","Eldorado",2929,5858,"febrero",2021,2
"1443",2021-09-01,"Misiones","Montecarlo",2941,5882,"septiembre",2021,9
"1444",2021-08-01,"Misiones","Montecarlo",2944,5888,"agosto",2021,8
"1445",2021-10-01,"Misiones","Montecarlo",3073,6146,"octubre",2021,10
"1446",2021-12-01,"Misiones","Iguazú",3086,6172,"diciembre",2021,12
"1447",2021-03-01,"Misiones","Eldorado",3185,6370,"marzo",2021,3
"1448",2021-11-01,"Misiones","Montecarlo",3188,6376,"noviembre",2021,11
"1449",2021-12-01,"Misiones","Montecarlo",3395,6790,"diciembre",2021,12
"1450",2021-04-01,"Misiones","Eldorado",3413,6826,"abril",2021,4
"1451",2021-05-01,"Misiones","Eldorado",3754,7508,"mayo",2021,5
"1452",2021-06-01,"Misiones","Eldorado",3760,7520,"junio",2021,6
"1453",2021-07-01,"Misiones","Eldorado",4632,9264,"julio",2021,7
"1454",2021-09-01,"Misiones","Eldorado",4650,9300,"septiembre",2021,9
"1455",2021-08-01,"Misiones","Eldorado",4652,9304,"agosto",2021,8
"1456",2021-10-01,"Misiones","Eldorado",4657,9314,"octubre",2021,10
"1457",2021-11-01,"Misiones","Eldorado",4979,9958,"noviembre",2021,11
"1458",2021-12-01,"Misiones","Eldorado",5206,10412,"diciembre",2021,12
"1459",2020-07-01,"Misiones","Capital",6884,13768,"julio",2020,7
"1460",2020-03-01,"Misiones","Capital",6886,13772,"marzo",2020,3
"1461",2020-06-01,"Misiones","Capital",6916,13832,"junio",2020,6
"1462",2020-05-01,"Misiones","Capital",6926,13852,"mayo",2020,5
"1463",2020-04-01,"Misiones","Capital",6932,13864,"abril",2020,4
"1464",2020-08-01,"Misiones","Capital",7270,14540,"agosto",2020,8
"1465",2020-09-01,"Misiones","Capital",7355,14710,"septiembre",2020,9
"1466",2020-11-01,"Misiones","Capital",8146,16292,"noviembre",2020,11
"1467",2020-10-01,"Misiones","Capital",8179,16358,"octubre",2020,10
"1468",2020-12-01,"Misiones","Capital",8852,17704,"diciembre",2020,12
"1469",2021-01-01,"Misiones","Capital",9955,19910,"enero",2021,1
"1470",2021-02-01,"Misiones","Capital",10208,20416,"febrero",2021,2
"1471",2021-03-01,"Misiones","Capital",10404,20808,"marzo",2021,3
"1472",2021-04-01,"Misiones","Capital",10613,21226,"abril",2021,4
"1473",2021-05-01,"Misiones","Capital",11348,22696,"mayo",2021,5
"1474",2021-06-01,"Misiones","Capital",11402,22804,"junio",2021,6
"1475",2021-07-01,"Misiones","Capital",12457,24914,"julio",2021,7
"1476",2021-09-01,"Misiones","Capital",12567,25134,"septiembre",2021,9
"1477",2021-08-01,"Misiones","Capital",12591,25182,"agosto",2021,8
"1478",2021-10-01,"Misiones","Capital",12728,25456,"octubre",2021,10
"1479",2021-11-01,"Misiones","Capital",13338,26676,"noviembre",2021,11
"1480",2021-12-01,"Misiones","Capital",13668,27336,"diciembre",2021,12
